Title,Vernacular Title,Creator,Contributor,Is Part Of,Dissertation,Subject,MESH subjects,Genre,Description,Contents,Other title,Related titles,Series,Publisher,Creation Date,Edition,Format,Frequency,Source,Bound with,permalink
"Towards Understanding Docker Build Faults in Practice: Symptoms, Root Causes, and Fix Patterns",,"Wu, Yiwen ; Zhang, Yang ; Wang, Tao ; Ding, Bo ; Wang, Huaimin",,"Proceedings of the ACM on software engineering, 2025-06, Vol.2 (FSE), p.868-890, Article FSE040",,,,,"Docker building is a critical component of containerization in modern software development, automating the process of packaging and converting sources into container images. It is not uncommon to find that Docker build faults (DBFs) occur frequently across Docker-based projects, inducing non-negligible costs in development activities. DBF resolution is a challenging problem and previous studies have demonstrated that developers spend non-trivial time in resolving encountered build faults. However, the characteristics of DBFs is still under-investigated, hindering practical solutions to build management in the Docker community. In this paper, to bridge this gap, we present a comprehensive study for understanding the real-world DBFs in practice. We collect and analyze a DBF dataset of 255 issues and 219 posts from GitHub, Stack Overflow, and Docker Forum. We investigate and construct characteristic taxonomies for the DBFs, including 15 symptoms, 23 root causes, and 35 fix patterns. Moreover, we study the fault distributions of symptoms and root causes, in terms of the different build types, i.e., Dockerfile builds and Docker-compose builds. Based on the results, we provide actionable implications and develop a knowledge-based application, which can potentially facilitate research and assist developers in improving the Docker build management.",,,,,"New York, NY, USA: ACM",,,,,ACM Digital Library Complete,,https://pesquisa.b-on.pt/permalink/351BON_INST/cbhhhe/cdi_crossref_primary_10_1145_3715757
Dockerfile Flakiness: Characterization and Repair,,"Shabani, Taha ; Nashid, Noor ; Alian, Parsa ; Mesbah, Ali",,"Proceedings / International Conference on Software Engineering, 2025, p.1793-1805",,Classification ; Computer software ; Reliability ; Software engineering,,,"Dockerfile flakiness—unpredictable temporal build failures caused by external dependencies and evolving environments—undermines deployment reliability and increases debugging overhead. Unlike traditional Dockerfile issues, flakiness occurs without modifications to the Dockerfile itself, complicating its resolution. In this work, we present the first comprehensive study of Dockerfile flakiness, featuring a nine-month analysis of 8,132 Dockerized projects, revealing that around 10% exhibit flaky behavior. We propose a taxonomy categorizing common flakiness causes, including dependency errors and server connectivity issues. Existing tools fail to effectively address these challenges due to their reliance on pre-defined rules and limited generalizability. To overcome these limitations, we introduce FlakiDock, a novel repair framework combining static and dynamic analysis, similarity retrieval, and an iterative feedback loop powered by Large Language Models (LLMs). Our evaluation demonstrates that FlakiDock achieves a repair accuracy of 73.55%, significantly surpassing state-of-the-art tools and baselines.",,,,,"Piscataway, NJ, USA: IEEE Press",,,,,IEEE Proceedings Order Plans (POP All) 1998-Present; ACM Digital Library Complete,,https://pesquisa.b-on.pt/permalink/351BON_INST/cbhhhe/cdi_ieee_primary_11029932
Mining and measuring the impact of change patterns for improving the size and build time of docker images,,"Rosa, Giovanni ; Guglielmi, Emanuela ; Iannone, Mattia ; Scalabrino, Simone ; Oliveto, Rocco",,"Empirical software engineering : an international journal, 2025-09, Vol.30 (5), p.150, Article 150",,Classification ; Computer science ; Practice Guidelines as Topic ; Software ; Translators,,,"Software containerization, for which Docker is the reference tool, is widely adopted in modern software engineering. The performance of the Docker build process in terms of image size and build time is crucial to developers. While previous work and Docker itself provide best practices to keep the images small and fast to build, we conjecture that developers might adopt undocumented practices. In this paper, we present an empirical study in which we aim (i) to mine the practices adopted by developers for improving the image size and build time, and (ii) to measure the impact of such practices. As for the mining study, we manually analyzed a total of 1,026 commits from open-source projects in which developers declared they wanted to improve the image size or build time. We categorize such changes and define a taxonomy of 46 optimization strategies, including practices such as removing temporary files (
e.g.,
package manager cache) or improving the structure of the Dockerfile (
e.g.,
using multi-stage build). Such a taxonomy reveals some previously undocumented techniques, providing valuable insights for developers. As for the measurement study, we empirically assess the actual improvement in image size and build time (over 20 builds) of the most frequent change patterns observed in the mining study. Our results show that
changing the base image
has the best results in terms of image size, but it negatively affects the build time. On the other hand, we observed no change pattern that significantly reduces the build time. Our study provides interesting insights for both tool makers who want to support practitioners in improving Dockerfile build performance and practitioners themselves, who can better decide how to optimize their Dockerfiles.",,,,,New York: Springer US,,,,,SpringerLink Journals - AutoHoldings,,https://pesquisa.b-on.pt/permalink/351BON_INST/cbhhhe/cdi_crossref_primary_10_1007_s10664_025_10680_8
Shipwright: A Human-in-the-Loop System for Dockerfile Repair,,"Henkel, Jordan ; Silva, Denini ; Teixeira, Leopoldo ; d'Amorim, Marcelo ; Reps, Thomas",,"Proceedings / International Conference on Software Engineering, 2021, p.1148-1160",,Bit error rate ; Computer software ; Implements ; Software engineering,,,"Docker is a tool for lightweight OS-level virtualization. Docker images are created by performing a build, controlled by a source-level artifact called a Dockerfile. We studied Dockerfiles on GitHub, and---to our great surprise--- found that over a quarter of the examined Dockerfiles failed to build (and thus to produce images). To address this problem, we propose Shipwright, a human-in-the-loop system for finding repairs to broken Dockerfiles. Shipwright uses a modified version of the BERT language model to embed build logs and to cluster broken Dockerfiles. Using these clusters and a search-based procedure, we were able to design 13 rules for making automated repairs to Dockerfiles. With the aid of Shipwright, we submitted 45 pull requests (with a 42.2% acceptance rate) to GitHub projects with broken Dockerfiles. Furthermore, in a ""time-travel"" analysis of broken Dockerfiles that were later fixed, we found that Shipwright proposed repairs that were equivalent to human-authored patches in 22.77% of the cases we studied. Finally, we compared our work with recent, state-of-the-art, static Dockerfile analyses, and found that, while static tools detected possible build-failure-inducing issues in 20.6-33.8% of the files we examined, Shipwright was able to detect possible issues in 73.25% of the files and, additionally, provide automated repairs for 18.9% of the files.",,,,,"Piscataway, NJ, USA: IEEE Press",,,,,IEEE Proceedings Order Plans (POP All) 1998-Present; ACM Digital Library Complete,,https://pesquisa.b-on.pt/permalink/351BON_INST/cbhhhe/cdi_ieee_primary_9402069
FlaPy: Mining Flaky Python Tests at Scale,,"Gruber, Martin ; Fraser, Gordon",,"Proceedings (IEEE/ACM International Conference on Software Engineering Companion. Online), 2023, p.127-131",,Computer software ; Licenses ; Software ; Software engineering ; Task analysis,,,"Flaky tests obstruct software development, and studying and proposing mitigations against them has therefore become an important focus of software engineering research. To conduct sound investigations on test flakiness, it is crucial to have large, diverse, and unbiased datasets of flaky tests. A common method to build such datasets is by rerunning the test suites of selected projects multiple times and checking for tests that produce different outcomes. While using this technique on a single project is mostly straightforward, applying it to a large and diverse set of projects raises several implementation challenges such as (1) isolating the test executions, (2) supporting multiple build mechanisms, (3) achieving feasible run times on large datasets, and (4) analyzing and presenting the test outcomes. To address these challenges we introduce FlaPy, a framework for researchers to mine flaky tests in a given or automatically sampled set of Python projects by rerunning their test suites. FlaPy isolates the test executions using containerization and fresh execution environments to simulate real-world CI conditions and to achieve accurate results. By supporting multiple dependency installation strategies, it promotes diversity among the studied projects. FlaPy supports parallelizing the test executions using SLURM, making it feasible to scan thousands of projects for test flakiness. Finally, FlaPy analyzes the test outcomes to determine which tests are flaky and depicts the results in a concise table. A demo video of FlaPy is available at https://youtu.be/ejy-be-FvDY",,,,,"Piscataway, NJ, USA: IEEE Press",,,,,IEEE Proceedings Order Plans (POP All) 1998-Present; ACM Digital Library Complete,,https://pesquisa.b-on.pt/permalink/351BON_INST/cbhhhe/cdi_acm_books_10_1109_ICSE_Companion58688_2023_00039
Empirically evaluating flaky test detection techniques combining test case rerunning and machine learning models,,"Parry, Owain ; Kapfhammer, Gregory M. ; Hilton, Michael ; McMinn, Phil",,"Empirical software engineering : an international journal, 2023-05, Vol.28 (3), p.72, Article 72",,Automation ; Computer science ; Machine learning ; Translators,,,"A
flaky test
is a test case whose outcome changes without modification to the code of the test case or the program under test. These tests disrupt continuous integration, cause a loss of developer productivity, and limit the efficiency of testing. Many flaky test detection techniques are
rerunning-based
, meaning they require repeated test case executions at a considerable time cost, or are
machine learning-based
, and thus they are fast but offer only an approximate solution with variable detection performance. These two extremes leave developers with a stark choice. This paper introduces
CANNIER
, an approach for reducing the time cost of rerunning-based detection techniques by combining them with machine learning models. The empirical evaluation involving 89,668 test cases from 30 Python projects demonstrates that
CANNIER
can reduce the time cost of existing rerunning-based techniques by an order of magnitude while maintaining a detection performance that is significantly better than machine learning models alone. Furthermore, the comprehensive study extends existing work on machine learning-based detection and reveals a number of additional findings, including (1) the performance of machine learning models for detecting polluter test cases; (2) using the mean values of dynamic test case features from repeated measurements can slightly improve the detection performance of machine learning models; and (3) correlations between various test case features and the probability of the test case being flaky.",,,,,New York: Springer US,,,,,ProQuest Central UK/Ireland; SpringerLink Journals - AutoHoldings,,https://pesquisa.b-on.pt/permalink/351BON_INST/cbhhhe/cdi_crossref_primary_10_1007_s10664_023_10307_w
Automating Dockerfile Refactoring to Multi-stage Builds,,"Chen, Dongjin ; Yang, Wenhua ; Pan, Minxue ; Zhou, Yu",,"Proceedings of the ACM on software engineering, 2026-06, Vol.3 (FSE), p.1560-1581, Article FSE070",,,,,"Containerization has become a cornerstone of modern software deployment, yet many projects still ship single-stage Dockerfiles that bundle compilers, build tools, and temporary files into production images, thereby hurting performance and security. Multi-stage builds are recommended, yet uptake appears uneven, plausibly because refactoring legacy Dockerfiles demands nontrivial reasoning about build lifecycles and dependency separation. This paper presents StageCraft, an automated refactoring approach that converts single-stage Dockerfiles into optimized multi-stage builds. StageCraft first performs static analysis to identify the technology stack and to infer build-time and runtime dependencies. It then applies a lightweight gate that estimates the refactoring benefit from a composite of image bloat, structural inefficiency, and security risk, proceeding only when refactoring is warranted. Finally, it synthesizes a multi-stage Dockerfile that isolates build tooling, copies only the artifacts needed at runtime, and applies production hardening. Evaluated on 521 real-world single-stage projects, StageCraft successfully produced working multi-stage Dockerfiles for 60.3% of targets. The resulting images were, on average, 52.2% smaller and contained 50.0% fewer high-risk vulnerabilities than the originals, outperforming baselines. StageCraft lowers the barrier to multi-stage adoption at scale, yielding leaner images with a reduced attack surface and improved maintainability. We release the tool, its knowledge assets, and the evaluation dataset to support reproducibility and future research.",,,,,"New York, NY, USA: ACM",,,,,ACM Digital Library Complete,,https://pesquisa.b-on.pt/permalink/351BON_INST/cbhhhe/cdi_acm_primary_3797098
A container-based infrastructure for fuzzy-driven root causing of flaky tests,,"Terragni, Valerio ; Salza, Pasquale ; Ferrucci, Filomena",,"Proceedings of the ACM/IEEE 42nd International Conference on Software Engineering: New Ideas and Emerging Results, 2020, p.69-72",,Containers ; Instruments ; Space flight,,,"Intermittent test failures (test flakiness) is common during continuous integration as modern software systems have become inherently non-deterministic. Understanding the root cause of test flakiness is crucial as intermittent test failures might be the result of real non-deterministic defects in the production code, rather than mere errors in the test code. Given a flaky test, existing techniques for root causing test flakiness compare the runtime behavior of its passing and failing executions. They achieve this by repetitively executing the flaky test on an instrumented version of the system under test. This approach has two fundamental limitations: (i) code instrumentation might prevent the manifestation of test flakiness; (ii) when test flakiness is rare passively re-executing a test many times might be inadequate to trigger intermittent test outcomes. To address these limitations, we propose a new idea for root causing test flakiness that actively explores the non-deterministic space without instrumenting code. Our novel idea is to repetitively execute a flaky test, under different execution clusters. Each cluster explores a certain non-deterministic dimension (e.g., concurrency, I/O, and networking) with dedicated software containers and fuzzy-driven resource load generators. The execution cluster that manifests the most balanced (or unbalanced) sets of passing and failing executions is likely to explain the broad type of test flakiness.",,,,,"New York, NY, USA: ACM",,,,,ACM Digital Library Complete,,https://pesquisa.b-on.pt/permalink/351BON_INST/cbhhhe/cdi_ieee_primary_9397524
Fixing Dockerfile smells: an empirical study,,"Rosa, Giovanni ; Zappone, Federico ; Scalabrino, Simone ; Oliveto, Rocco",,"Empirical software engineering : an international journal, 2024-09, Vol.29 (5), p.108, Article 108",,Attention ; Automation ; Computer science ; Computer software ; Containerization ; Practice Guidelines as Topic ; Smell ; Software engineering ; Translators,,,"Docker is the
de facto
standard for software containerization. A Dockerfile contains the requirements to build a Docker image containing a target application. There are several best practice rules for writing Dockerfiles, but the developers do not always follow them. Violations of such practices, known as Dockerfile smells, can negatively impact the reliability and performance of Docker images. Previous studies showed that Dockerfile smells are widely diffused, and there is a lack of automatic tools that support developers in fixing them. However, it is still unclear what Dockerfile smells get fixed by developers and to what extent developers would be willing to fix smells in the first place. The aim of our study is twofold. First, we want to understand what Dockerfiles smells receive more attention from developers, i.e., are fixed more frequently in the history of open-source projects. Second, we want to check if developers are willing to accept changes aimed at fixing Dockerfile smells (e.g., generated by an automated tool), to understand if they care about them. We evaluated the survivability of Dockerfile smells from a total of 53,456 unique Dockerfiles, where we manually validated a large sample of smell-removing commits to understand (i) if developers performed the change with the intention of removing bad practices, and (ii) if they were aware of the removed smell. In the second part, we used a rule-based tool to automatically fix Dockerfile smells. Then, we proposed such fixes to developers via pull requests. Finally, we quantitatively and qualitatively evaluated the outcome after a monitoring period of more than 7 months. The results of our study showed that most developers pay more attention to changes aimed at improving the performance of Dockerfiles (image size and build time). Moreover, they are willing to accept the fixes for the most common smells, with some exceptions (e.g., missing version pinning for OS packages).",,,,,New York: Springer US,,,,,ProQuest Central UK/Ireland; SpringerLink Journals - AutoHoldings,,https://pesquisa.b-on.pt/permalink/351BON_INST/cbhhhe/cdi_proquest_journals_3076312911
"Learning from, understanding, and supporting DevOps artifacts for docker",,"Henkel, Jordan ; Bird, Christian ; Lahiri, Shuvendu K. ; Reps, Thomas",,"2020 IEEE/ACM 42nd International Conference on Software Engineering (ICSE), 2020, p.38-49",,,,,"With the growing use of DevOps tools and frameworks, there is an increased need for tools and techniques that support more than code. The current state-of-the-art in static developer assistance for tools like Docker is limited to shallow syntactic validation. We identify three core challenges in the realm of learning from, understanding, and supporting developers writing DevOps artifacts: (i) nested languages in DevOps artifacts, (ii) rule mining, and (iii) the lack of semantic rule-based analysis. To address these challenges we introduce a toolset, binnacle, that enabled us to ingest 900,000 GitHub repositories.
Focusing on Docker, we extracted approximately 178,000 unique Dockerfiles, and also identified a Gold Set of Dockerfiles written by Docker experts. We addressed challenge (i) by reducing the number of effectively uninterpretable nodes in our ASTs by over 80% via a technique we call phased parsing. To address challenge (ii), we introduced a novel rule-mining technique capable of recovering two-thirds of the rules in a benchmark we curated. Through this automated mining, we were able to recover 16 new rules that were not found during manual rule collection. To address challenge (iii), we manually collected a set of rules for Dockerfiles from commits to the files in the Gold Set. These rules encapsulate best practices, avoid docker build failures, and improve image size and build latency. We created an analyzer that used these rules, and found that, on average, Dockerfiles on GitHub violated the rules five times more frequently than the Dockerfiles in our Gold Set. We also found that industrial Dockerfiles fared no better than those sourced from GitHub.
The learned rules and analyzer in binnacle can be used to aid developers in the IDE when creating Dockerfiles, and in a post-hoc fashion to identify issues in, and to improve, existing Dockerfiles.",,,,,"New York, NY, USA: ACM",,,,,IEEE Proceedings Order Plans (POP All) 1998-Present; ACM Digital Library Complete,,https://pesquisa.b-on.pt/permalink/351BON_INST/cbhhhe/cdi_acm_books_10_1145_3377811_3380406_brief
Repairing Docker Smells with Large Language Models: An Empirical Study,,"Zhang, Chenhui ; Wang, Haiyan ; Zhu, Junyi ; Gu, Zhaoquan ; Wang, Le",,"Applied sciences, 2026-07, Vol.16 (13), p.6805",,Automation ; Mathematical optimization ; Practice Guidelines as Topic ; Smell ; Software ; Software maintenance,,,"Docker simplifies application deployment, yet improperly written Dockerfiles often lead to suboptimal images with security and efficiency issues, termed “Docker smell”. Existing approaches for the identification and repair of Docker smells predominantly rely on expert-defined static rules, which exhibit notable limitations when addressing structurally complex or infrequent smells. This paper proposes a novel Detect–Guide–Repair (DGR) framework, which integrates rule-based smell detection with a context-aware repair mechanism driven by large language models (LLMs), enabling a more flexible and intelligent automated repair process. We systematically evaluated DGR on 417 real Dockerfiles from prominent GitHub projects. Experimental results show that DGR reduces the number of smells to 44.68% of the original while maintaining a build success rate of 89.20%, demonstrating significant improvements in both repair effectiveness and usability. Furthermore, we present three practical enhancement pathways: (1) a hybrid strategy combining rules and DGR to improve repair effectiveness further; (2) an automated error-correction mechanism to restore buildability; and (3) task-specific model fine-tuning to enable efficient deployment of smaller models. Collectively, these approaches provide a promising empirical foundation for automated Docker smell repair.",,,,,Basel: MDPI AG,,,,,ProQuest Central UK/Ireland; Publicly Available Content Database; DOAJ Directory of Open Access Journals,,https://pesquisa.b-on.pt/permalink/351BON_INST/cbhhhe/cdi_crossref_primary_10_3390_app16136805
An Empirical Study of Build Failures in the Docker Context,,"Wu, Yiwen ; Zhang, Yang ; Wang, Tao ; Wang, Huaimin",,"2020 IEEE/ACM 17th International Conference on Mining Software Repositories (MSR), 2020, p.76-80",,"Associations, institutions, etc. ; Buildings ; Containers ; Industries ; Software",,,"Docker containers have become the de-facto industry standard. Docker builds often break, and a large amount of efforts are put into troubleshooting broken builds. Prior studies have evaluated the rate at which builds in large organizations fail. However, little is known about the frequency and fix effort of failures that occur in Docker builds of open-source projects. This paper provides a first attempt to present a preliminary study on 857,086 Docker builds from 3,828 open-source projects hosted on GitHub. Using the Docker build data, we measure the frequency of broken builds and report their fix time. Furthermore, we explore the evolution of Docker build failures across time. Our findings help to characterize and understand Docker build failures and motivate the need for collecting more empirical evidence.",,,,,"New York, NY, USA: ACM",,,,,ACM Digital Library Complete,,https://pesquisa.b-on.pt/permalink/351BON_INST/cbhhhe/cdi_acm_books_10_1145_3379597_3387483
Empirical Study of the Docker Smells Impact on the Image Size,,"Durieux, Thomas",,"Proceedings / International Conference on Software Engineering, 2024, p.1-12",,Biotic communities ; Computer software ; Packaging ; Practice Guidelines as Topic ; Software engineering,,,"Docker, a widely adopted tool for packaging and deploying applications leverages Dockerfiles to build images. However, creating an optimal Dockerfile can be challenging, often leading to ""Docker smells"" or deviations from best practices. This paper presents a study of the impact of 14 Docker smells on the size of Docker images.
To assess the size impact of Docker smells, we identified and repaired 16 145 Docker smells from 11 313 open-source Dockerfiles. We observe that the smells result in an average increase of 48.06MB (4.6 %) per smelly image. Depending on the smell type, the size increase can be up to 10 %, and for some specific cases, the smells can represent 89 % of the image size. Interestingly, the most impactful smells are related to package managers which are commonly encountered and are relatively easy to fix.
To collect the perspective of the developers regarding the size impact of the Docker smells, we submitted 34 pull requests that repair the smells and we reported their impact on the Docker image to the developers. 26/34 (76.5 %) of the pull requests have been merged and they contribute to a saving of 3.46 GB (16.4 %). The developer's comments demonstrate a positive interest in addressing those Docker smells even when the pull requests have been rejected.",,,,,"New York, NY, USA: ACM",,,,,IEEE Xplore Open Access Journals; IEEE Proceedings Order Plans (POP All) 1998-Present; ACM Digital Library Complete,,https://pesquisa.b-on.pt/permalink/351BON_INST/cbhhhe/cdi_acm_books_10_1145_3597503_3639143_brief
"CREDO: a friendly Customizable, REproducible, DOcker file generator for bioinformatics applications",,"Alessandri, Simone ; Ratto, Maria L. ; Rabellino, Sergio ; Piacenti, Gabriele ; Contaldo, Sandro Gepiro ; Pernice, Simone ; Beccuti, Marco ; Calogero, Raffaele A. ; Alessandri, Luca",,"BMC bioinformatics, 2024-03, Vol.25 (1), p.110-16, Article 110",,Adaptation ; Algorithms ; Bioinformatics ; Computational biology ; Health aspects ; Image processing ; Libraries ; Life sciences ; Practice ; Reproducibility of Results ; Research ; Scientists ; Software ; Standardization,,,"Background
The analysis of large and complex biological datasets in bioinformatics poses a significant challenge to achieving reproducible research outcomes due to inconsistencies and the lack of standardization in the analysis process. These issues can lead to discrepancies in results, undermining the credibility and impact of bioinformatics research and creating mistrust in the scientific process. To address these challenges, open science practices such as sharing data, code, and methods have been encouraged.
Results
CREDO, a Customizable, REproducible, DOcker file generator for bioinformatics applications, has been developed as a tool to moderate reproducibility issues by building and distributing docker containers with embedded bioinformatics tools. CREDO simplifies the process of generating Docker images, facilitating reproducibility and efficient research in bioinformatics. The crucial step in generating a Docker image is creating the Dockerfile, which requires incorporating heterogeneous packages and environments such as Bioconductor and Conda. CREDO stores all required package information and dependencies in a Github-compatible format to enhance Docker image reproducibility, allowing easy image creation from scratch. The user-friendly GUI and CREDO's ability to generate modular Docker images make it an ideal tool for life scientists to efficiently create Docker images. Overall, CREDO is a valuable tool for addressing reproducibility issues in bioinformatics research and promoting open science practices.",,,,,London: BioMed Central,,,,,ProQuest Central UK/Ireland; MEDLINE complete; EBSCOhost Academic Search Ultimate; Publicly Available Content Database; EBSCOhost Academic Search Complete; BioMed Central Journals Complete; MEDLINE with Full Text (EBSCO); PubMed Central Open Access; DOAJ Directory of Open Access Journals; Springer Nature OA Free Journals,,https://pesquisa.b-on.pt/permalink/351BON_INST/cbhhhe/cdi_proquest_journals_2956836394
Doctor: Optimizing Container Rebuild Efficiency by Instruction Re-orchestration,,"Zhu, Zhiling ; Chen, Tieming ; Liu, Chengwei ; Liu, Han ; Song, Qijie ; Xu, Zhengzi ; Liu, Yang",,"Proceedings of the ACM on software engineering, 2025-06, Vol.2 (ISSTA), p.1-23, Article ISSTA001",,,,,"Containerization has revolutionized software deployment, with Docker leading the way due to its ease of use and consistent runtime environment. As Docker usage grows, optimizing Dockerfile performance, particularly by reducing rebuild time, has become essential for maintaining efficient CI/CD pipelines. However, existing optimization approaches primarily address single builds without considering the recurring rebuild costs associated with modifications and evolution, limiting long-term efficiency gains. To bridge this gap, we present Doctor, a method for improving Dockerfile build efficiency through instruction re-ordering that addresses key challenges: identifying instruction dependencies, predicting future modifications, ensuring behavioral equivalence, and managing the optimization’s computational complexity. We developed a comprehensive dependency taxonomy based on Dockerfile syntax and a historical modification analysis to prioritize frequently modified instructions. Using a weighted topological sorting algorithm, Doctor optimizes instruction order to minimize future rebuild time while maintaining functionality. Experiments on 2,000 GitHub repositories show that Doctor improves 92.75% of Dockerfiles, reducing rebuild time by an average of 26.5%, with 12.82% of files achieving over a 50% reduction. Notably, 86.2% of cases preserve functional similarity. These findings highlight best practices for Dockerfile management, enabling developers to enhance Docker efficiency through informed optimization strategies.",,,,,"New York, NY, USA: ACM",,,,,ACM Digital Library Complete,,https://pesquisa.b-on.pt/permalink/351BON_INST/cbhhhe/cdi_crossref_primary_10_1145_3728870
An empirical analysis of the Docker container ecosystem on GitHub,,"Cito, Jürgen ; Schermann, Gerald ; Wittern, Erik ; Leitner, Philipp ; Sali Zumberi ; Gall, Harald C",,"PeerJ preprints, 2017-04",,Computer programs ; Computer software ; Data processing ; Migration ; Software,,,"Docker allows packaging an application with its dependencies into a standardized, self-contained unit (a so-called container), which can be used for software development and to run the application on any system. Dockerfiles are declarative definitions of an environment that aim to enable reproducible builds of the container. They can often be found in source code repositories and enable the hosted software to come to life in its execution environment. We conduct an exploratory empirical study with the goal of characterizing the Docker ecosystem, prevalent quality issues, and the evolution of Dockerfiles. We base our study on a data set of over 70000 Dockerfiles, and contrast this general population with samplings that contain the Top-100 and Top-1000 most popular Docker-using projects. We find that most quality issues (28.6%) arise from missing version pinning (i.e., specifying a concrete version for dependencies). Further, we were not able to build 34% of Dockerfiles from a representative sample of 560 projects. Integrating quality checks, e.g., to issue version pinning warnings, into the container build process could result into more reproducible builds. The most popular projects change more often than the rest of the Docker population, with 5.81 revisions per year and 5 lines of code changed on average. Most changes deal with dependencies, that are currently stored in a rather unstructured manner. We propose to introduce an abstraction that, for instance, could deal with the intricacies of different package managers and could improve migration to more light-weight images.",,,,,"San Diego: PeerJ, Inc",,,,,ProQuest Central UK/Ireland; Publicly Available Content Database,,https://pesquisa.b-on.pt/permalink/351BON_INST/cbhhhe/cdi_proquest_journals_1953354799
TraceMOP: An Explicit-Trace Runtime Verification Tool for Java,,"Guan, Kevin ; Legunsen, Owolabi",,"Proceedings of the 33rd ACM International Conference on the Foundations of Software Engineering, 2025, p.1218-1222",,,,,"We present TraceMOP, an explicit-trace runtime verification (RV) tool. RV monitors if execution traces—sequences of events, e.g., method calls—violate formal specifications. TraceMOP monitors each event as it occurs, but unlike prior RV tools, it also tracks monitored traces explicitly. So, TraceMOP can help researchers address several challenges of using RV in testing, e.g., (i) RV overhead is mostly wasted: 99.87% of monitored traces are duplicates of the other 0.13%; and (ii) RV violations are often flaky. We describe TraceMOP's design, implementation and use via a Maven plugin and GitHub Actions. We evaluate TraceMOP on 105 open-source projects. TraceMOP preserves the monitoring functions of a mature RV tool; it is up to 11x faster and uses up to 231.7GB less memory than our previous prototype. We use TraceMOP to debug four flaky violations; it is open sourced (https://github.com/SoftEngResearch/tracemop) and a demo is at https://tracemop.gkevin.com/demo.",,,,,"New York, NY, USA: ACM",,,,,ACM Digital Library Complete,,https://pesquisa.b-on.pt/permalink/351BON_INST/cbhhhe/cdi_acm_books_10_1145_3696630_3728613
Zero-consistency root emulation for unprivileged container image build,,"Priedhorsky, Reid ; Jennings, Michael ; Phinney, Megan",,"SC24-W: Workshops of the International Conference for High Performance Computing, Networking, Storage and Analysis, 2024, p.126-136",,Buildings ; Congresses and conventions ; Containers ; High performance computing ; Meetings,,,"Do Linux distribution package managers need the privileged operations they request to actually happen? Apparently not, at least when building container images for HPC applications. We use this observation to implement a root emulation mode using a Linux seccomp filter that intercepts some privileged system calls, does nothing, and returns success to the calling program. This approach provides no consistency whatsoever but appears sufficient to build a wide selection of Dockerfiles, including one that Docker itself cannot build, simplifying fully-unprivileged workflows needed for HPC application containers.",,,,,IEEE,,,,,ACM Digital Library Complete,,https://pesquisa.b-on.pt/permalink/351BON_INST/cbhhhe/cdi_ieee_primary_10820721
Access Security Policy Generation for Containers as a Cloud Service,,"Zhu, Hui ; Gehrmann, Christian ; Roth, Paula",,"SN computer science, 2023-11, Vol.4 (6), p.748, Article 748",,Access control ; Behavior ; Classification ; Cloud computing ; Computer science ; Containerization ; Containers ; Design ; Software ; Vision ; Web services,,,"The rapid development of containerization technology comes with remarkable benefits for developers and operation teams. Container solutions allow building very flexible software infrastructures. Although lots of efforts have been devoted to enhancing containerization security, containerized environments still have a huge attack surface. Completely avoiding severe security issues have so far not been possible to achieve. However, the security problems due to vulnerabilities in for instance kernels, can be largely reduced if the container privileges are as restricted as possible. Mandatory access control is an efficient way to achieve this using for instance AppArmor. As manual AppArmor generation is tedious and error prone, automatic generation of protection profile is necessary. In previous research, a new tool for tight AppArmor profile generation was presented. In this paper we show how, in a system setting, such tool can be combined with container service testing, to provide a cloud based container service for automatic AppArmore profile generation. We present solutions for profile generation both for centrally collected and generated container logs and for log collection through a local agent. To evaluate the effectiveness of the profile generation service, we enable it on a widely used containerized web service to generate profiles and test them with real-world attacks. We generate an exploit database with 11 exploits harmful to the tested web service. These exploits are sifted from the 56 exploits of Exploit-db targeting the tested web service’s software. We launch these exploits on the web service protected by the profile. The results show that the proposed profile generation service improves the test web service’s overall security a lot compared to using the default Docker security profile. This together with the very user friendly and robust principle for setting up and running the service, clearly indicates that the approach is an important step for improving container security in real deployments.",,,,,Singapore: Springer Nature Singapore,,,,,ProQuest Central UK/Ireland; SpringerLink Journals - AutoHoldings,,https://pesquisa.b-on.pt/permalink/351BON_INST/cbhhhe/cdi_crossref_citationtrail_10_1007_s42979_023_02186_1
Simulation-based Testing of Unmanned Aerial Vehicles with Aerialist,,"Khatiri, Sajad ; Panichella, Sebastiano ; Tonella, Paolo",,"Proceedings (IEEE/ACM International Conference on Software Engineering Companion. Online), 2024, p.134-138",,Drone aircraft ; Reliability ; Safety ; Testing,,,"Simulation-based testing is crucial for ensuring the safety and reliability of unmanned aerial vehicles (UAVs), especially as they become more autonomous and get increasingly used in commercial scenarios. The complexity and automated nature of UAVs requires sophisticated simulation environments for effectively testing their safety requirements. The primary challenges in setting up these environments pose significant barriers to the practical, widespread adoption of UAVs. We address this issue by introducing Aerialist (unmanned AERIAL vehIcle teST bench), a novel UAV test bench, built on top of PX4 firmware, that facilitates or automates all the necessary steps of definition, generation, execution, and analysis of system-level UAV test cases in simulation environments. Moreover, it also supports parallel and scalable execution and analysis of test cases on Kubernetes clusters. This makes Aerialist a unique platform for research and development of test generation approaches for UAVs. To evaluate Aerialist's support for UAV developers in defining, generating, and executing UAV test cases, we implemented a search-based approach for generating realistic simulation-based test cases using real-world UAV flight logs. We confirmed its effectiveness in improving the realism and representativeness of simulation-based UAV tests.
Code Repository: https://github.com/skhatiri/Aerialist
Demo Video: https://youtu.be/k_bqYpWItSg",,,,,"New York, NY, USA: ACM",,,,,IEEE Xplore Open Access Journals; IEEE Proceedings Order Plans (POP All) 1998-Present; ACM Digital Library Complete,,https://pesquisa.b-on.pt/permalink/351BON_INST/cbhhhe/cdi_ieee_primary_10554828
RediI: Test Infrastructure to Enable Deterministic Reproduction of Failures for Distributed Systems,,"Feng, Yang ; Lin, Zheyuan ; Zhao, Dongchen ; Zhou, Mengbo ; Liu, Jia ; Jones, James A.",,"Proceedings / International Conference on Software Engineering, 2025, p.191-203",,Computer networks ; Hardware ; Testing,,,"Despite the fact that distributed systems have become a crucial aspect of modern technology and support many of the software systems that enable modern life, developers experience challenges in performing regression testing of these systems. Existing solutions for testing distributed systems are often either: (1) specialized testing environments that are created specifically for each system by its development team, which requires substantial effort for each team, with little-to-no sharing of this effort across teams; or (2) randomized injection tools that are often computationally expensive and offer no guarantees of preventing regressions, due to their randomness. The challenge of providing a generalized and practical solution to trigger bugs for reproducing and demonstrating failures, as well as to guard against regressions, is largely unaddressed.
In this work, we present RediI, an infrastructure for supporting regression testing of distributed systems. RediI contains a dataset of real bugs on common distributed systems, along with a generalizable testing framework RediT that enables developers to write tests that can reproduce failures by providing ways to deterministically control distributed execution. In addition to the real failures in RediI from multiple distributed systems, RediT provides a reusable, programmable, platform-agnostic, deterministic testing framework for developers of distributed systems. It can help automate the running of such tests, for both practitioners and researchers. We demonstrate RediT with 63 bugs that we selected in Jira on 7 large and widely used distributed systems. Our case studies show that RediI can be used to allow developers to write tests that effectively reproduce failures on distributed systems and generate specific scenarios for regression testing, as well as providing deterministic failure injection that can help developers and researchers to better understand deterministic failures that may occur in distributed systems in the future. Additionally, our studies show that RediI is efficient for real-world system regression testing, providing a powerful tool for developers and researchers in the field of distributed-system testing.",,,,,"Piscataway, NJ, USA: IEEE Press",,,,,IEEE Proceedings Order Plans (POP All) 1998-Present; ACM Digital Library Complete,,https://pesquisa.b-on.pt/permalink/351BON_INST/cbhhhe/cdi_ieee_primary_11029968
GoBench: a benchmark suite of real-world go concurrency bugs,,"Yuan, Ting ; Li, Guangwei ; Lu, Jie ; Liu, Chen ; Li, Lian ; Xue, Jingling",,"2021 IEEE/ACM International Symposium on Code Generation and Optimization (CGO), 2021, p.187-199",,Bench-marks ; Implements ; Programming languages (Electronic computers) ; Synchronization,,,"Go, a fast growing programming language, is often considered as ""the programming language of the cloud"". The language provides a rich set of synchronization primitives, making it easy to write concurrent programs with great parallelism. However, the rich set of primitives also introduces many bugs.
We build GoBench, the first benchmark suite for Go concurrency bugs. Currently, GoBench consists of 82 real bugs from 9 popular open source applications and 103 bug kernels. The bug kernels are carefully extracted and simplified from 67 out of these 82 bugs and 36 additional bugs reported in a recent study to preserve their bug-inducing complexities as much as possible. These bugs cover a variety of concurrency issues, both traditional and Go-specific. We believe GoBench will be instrumental in helping researchers understand concurrency bugs in Go and develop effective tools for their detection. We have therefore evaluated a range of representative concurrency error detection tools using GoBench. Our evaluation has revealed their limitations and provided insights for making further improvements.",,,,,"Piscataway, NJ, USA: IEEE Press",,,,,ACM Digital Library Complete,,https://pesquisa.b-on.pt/permalink/351BON_INST/cbhhhe/cdi_acm_books_10_1109_CGO51591_2021_9370317_brief
Fixing Outside the Box: Uncovering Tactics for Open-Source Security Issue Management,,"Zhang, Lyuye ; Wu, Jiahui ; Liu, Chengwei ; Li, Kaixuan ; Sun, Xiaoyu ; Zhao, Lida ; Wang, Chong ; Liu, Yang",,"Proceedings of the ACM on software engineering, 2025-06, Vol.2 (ISSTA), p.2273-2295, Article ISSTA100",,,,,"In the rapidly evolving landscape of software development, addressing security vulnerabilities in open-source software (OSS) has become critically important. However, existing research and tools from both academia and industry mainly relied on limited solutions, such as vulnerable version adjustment and adopting patches, to handle identified vulnerabilities. However, far more flexible and diverse countermeasures have been actively adopted in the open-source communities. A holistic empirical study is needed to explore the prevalence, distribution, preferences, and effectiveness of these diverse strategies. To this end, in this paper, we conduct a comprehensive study on the taxonomy of vulnerability remediation tactics (RT) in OSS projects and investigate their pros and cons. This study addresses this oversight by conducting a comprehensive empirical analysis of 21,187 issues from GitHub, aiming to understand the range and efficacy of remediation tactics within the OSS community. We developed a hierarchical taxonomy of 44 distinct RT and evaluated their effectiveness and costs. Our findings highlight a significant reliance on community-driven strategies, like using alternative libraries and bypassing vulnerabilities, 44% of which are currently unsupported by cutting-edge tools. Additionally, this research exposes the community’s preferences for certain fixing approaches by analyzing their acceptance and the reasons for rejection. It also underscores a critical gap in modern vulnerability databases, where 54% of CVEs lack fixing suggestions—a gap that can be significantly mitigated by leveraging the 93% of actionable solutions provided through GitHub issues.",,,,,"New York, NY, USA: ACM",,,,,ACM Digital Library Complete,,https://pesquisa.b-on.pt/permalink/351BON_INST/cbhhhe/cdi_crossref_primary_10_1145_3728977
CXXCrafter: An LLM-Based Agent for Automated C/C++ Open Source Software Building,,"Yu, Zhengmin ; Zhang, Yuan ; Wen, Ming ; Nie, Yinan ; Zhang, Wenhui ; Yang, Min",,"Proceedings of the ACM on software engineering, 2025-06, Vol.2 (FSE), p.2618-2640, Article FSE116",,,,,"Project building is pivotal to support various program analysis tasks, such as generating intermediate representation code for static analysis and preparing binary code for vulnerability reproduction. However, automating the building process for C/C++ projects is a highly complex endeavor, involving tremendous technical challenges, such as intricate dependency management, diverse build systems, varied toolchains, and multifaceted error handling mechanisms. Consequently, building C/C++ projects often proves to be difficult in practice, hindering the progress of downstream applications. Unfortunately, research on facilitating the building of C/C++ projects remains to be inadequate. The emergence of Large Language Models (LLMs) offers promising solutions to automated software building. Trained on extensive corpora, LLMs can help unify diverse build systems through their comprehension capabilities and address complex errors by leveraging tacit knowledge storage. Moreover, LLM-based agents can be systematically designed to dynamically interact with the environment, effectively managing dynamic building issues. Motivated by these opportunities, we first conduct an empirical study to systematically analyze the current challenges in the C/C++ project building process. Particularly, we observe that most popular C/C++ projects encounter an average of five errors when relying solely on the default build systems. Based on our study, we develop an automated build system called CXXCrafter to specifically address the above-mentioned challenges, such as dependency resolution. Our evaluation on open-source software demonstrates that CXXCrafter achieves a success rate of 78% in project building. Specifically, among the Top100 dataset, 72 projects are built successfully by both CXXCrafter and manual efforts, 3 by CXXCrafter only, and 14 manually only. Despite the slightly lower performance,CXXCrafter can save tremendous manual efforts and can also be easily applied to a wider range of applications automatically.",,,,,"New York, NY, USA: ACM",,,,,ACM Digital Library Complete,,https://pesquisa.b-on.pt/permalink/351BON_INST/cbhhhe/cdi_crossref_primary_10_1145_3729386
A conceptual replication of continuous integration pain points in the context of Travis CI,,"Widder, David Gray ; Hilton, Michael ; Kästner, Christian ; Vasilescu, Bogdan",,"Proceedings of the 2019 27th ACM Joint Meeting on European Software Engineering Conference and Symposium on the Foundations of Software Engineering, 2019, p.647-658",,,,,"Continuous integration (CI) is an established software quality assurance practice, and the focus of much prior research with a diverse range of methods and populations. In this paper, we first conduct a literature review of 37 papers on CI pain points. We then conduct a conceptual replication study on results from these papers using a triangulation design consisting of a survey with 132 responses, 12 interviews, and two logistic regressions predicting Travis CI abandonment and switching on a dataset of 6,239 GitHub projects. We report and discuss which past results we were able to replicate, those for which we found conflicting evidence, those for which we did not find evidence, and the implications of these findings.",,,,,"New York, NY, USA: ACM",,,,,ACM Digital Library Complete,,https://pesquisa.b-on.pt/permalink/351BON_INST/cbhhhe/cdi_acm_books_10_1145_3338906_3338922
Designing Quality MPI Correctness Benchmarks: Insights and Metrics,,"Jammer, Tim ; Schwitanski, Simon ; Saillard, Emmanuelle ; Huck, Alexander ; Jenke, Joachim ; Vinayagame, Radjasouria ; Bischof, Christian",,"SC24-W: Workshops of the International Conference for High Performance Computing, Networking, Storage and Analysis, 2024, p.222-226",,Ciphers ; Congresses and conventions ; High performance computing ; Measurement ; Meetings ; Noise ; Versification,,,"Several MPI correctness benchmarks have been proposed to evaluate the quality of MPI correctness tools. The design of such a benchmark comes with different challenges, which we address in this paper. First, an imbalance in the proportion of correct and erroneous codes in the benchmarks requires careful metric interpretation (recall, accuracy, F1 score). Second, tools that detect errors but do not report additional information, like the affected source line or class of error, are less valuable. We extend the typical notion of a true positive with stricter variants that consider a tool's helpfulness. We introduce a new noise metric to consider the amount of distracting error reports. We evaluate those new metrics with MPI-BugBench, on the MPI correctness tools ITAC, MUST, and PARCOACH. Third, we discuss the complexities of hand-crafted and automatically generated benchmark codes and the additional challenges of non-deterministic errors.",,,,,IEEE,,,,,ACM Digital Library Complete,,https://pesquisa.b-on.pt/permalink/351BON_INST/cbhhhe/cdi_ieee_primary_10820622
How do Developers Talk about GitHub Actions? Evidence from Online Software Development Community,,"Zhang, Yang ; Wu, Yiwen ; Chen, Tingting ; Wang, Tao ; Liu, Hui ; Wang, Huaimin",,"Proceedings / International Conference on Software Engineering, 2024, p.1-13",,Classification ; Labeling,,,"Continuous integration, deployment and delivery (CI/CD) have become cornerstones of DevOps practices. In recent years, GitHub Action (GHA) has rapidly replaced the traditional CI/CD tools on GitHub, providing efficiently automated workflows for developers. With the widespread use and influence of GHA, it is critical to understand the existing problems that GHA developers face in their practices as well as the potential solutions to these problems. Unfortunately, we currently have relatively little knowledge in this area. To fill this gap, we conduct a large-scale empirical study of 6,590 Stack Overflow (SO) questions and 315 GitHub issues. Our study leads to the first comprehensive taxonomy of problems related to GHA, covering 4 categories and 16 sub-categories. Then, we analyze the popularity and difficulty of problem categories and their correlations. Further, we summarize 56 solution strategies for different GHA problems. We also distill practical implications of our findings from the perspective of different audiences. We believe that our study contributes to the research of emerging GHA practices and guides the future support of tools and technologies.",,,,,"New York, NY, USA: ACM",,,,,IEEE Proceedings Order Plans (POP All) 1998-Present; ACM Digital Library Complete,,https://pesquisa.b-on.pt/permalink/351BON_INST/cbhhhe/cdi_acm_books_10_1145_3597503_3623327
From Code to Execution: Multi-Agent GraphRAG for Automated Artifact Generation,,"Layegh, Amirhossein ; Payberah, Amir H. ; Matskin, Mihhail",,"Proceedings of the Sixth European Workshop on Machine Learning and Systems, 2026, p.147-154",,,,,"Modern data and Machine Learning (ML) pipelines are developed as code repositories but must be manually transformed into deployable artifacts such as Docker images and Kubernetes workflows, a process prone to dependency and configuration errors. While Large Language Models (LLMs) can assist with code understanding, they often fail on multifile repositories due to missing structural context and incomplete dependency resolution. We propose a multi-agent graph-based Retrieval-Augmented Generation (GraphRAG) framework that automates the generation of deployment artifacts from code repositories. The framework constructs an Abstract Syntax Tree (AST)-grounded knowledge graph, performs structure-aware retrieval, and coordinates specialized agents to synthesize containerization and workflow specifications. The system further improves reliability through iterative self-healing driven by execution logs. Evaluated on 17 GitHub repositories spanning ETL, ML training, and LLM-based evaluation pipelines, our approach achieves 65% end-to-end execution success on Kubernetes, outperforming a vector-only RAG baseline (24%) and a single-agent GraphRAG variant (47%). These results indicate that combining graph-centric retrieval with agent decomposition improves execution reliability.",,,,,"New York, NY, USA: ACM",,,,,ACM Digital Library Complete,,https://pesquisa.b-on.pt/permalink/351BON_INST/cbhhhe/cdi_acm_books_10_1145_3805621_3807637
On the Reproducibility of Software Defect Datasets,,"Zhu, Hao-Nan ; Rubio-González, Cindy",,"Proceedings / International Conference on Software Engineering, 2023, p.2324-2335",,Reproducibility of Results ; Software ; Software maintenance,,,"Software defect datasets are crucial to facilitating the evaluation and comparison of techniques in fields such as fault localization, test generation, and automated program repair. However, the reproducibility of software defect artifacts is not immune to breakage. In this paper, we conduct a study on the reproducibility of software defect artifacts. First, we study five state-of-the-art Java defect datasets. Despite the multiple strategies applied by dataset maintainers to ensure reproducibility, all datasets are prone to breakages. Second, we conduct a case study in which we systematically test the reproducibility of 1,795 software artifacts during a 13-month period. We find that 62.6% of the artifacts break at least once, and 15.3% artifacts break multiple times. We manually investigate the root causes of breakages and handcraft 10 patches, which are automatically applied to 1,055 distinct artifacts in 2,948 fixes. Based on the nature of the root causes, we propose automated dependency caching and artifact isolation to prevent further breakage. In particular, we show that isolating artifacts to eliminate external dependencies increases reproducibility to 95% or higher, which is on par with the level of reproducibility exhibited by the most reliable manually curated dataset.",,,,,"Piscataway, NJ, USA: IEEE Press",,,,,IEEE Proceedings Order Plans (POP All) 1998-Present; ACM Digital Library Complete,,https://pesquisa.b-on.pt/permalink/351BON_INST/cbhhhe/cdi_acm_books_10_1109_ICSE48619_2023_00195_brief
One size does not fit all: an empirical study of containerized continuous deployment workflows,,"Zhang, Yang ; Vasilescu, Bogdan ; Wang, Huaimin ; Filkov, Vladimir",,"Proceedings of the 2018 26th ACM Joint Meeting on European Software Engineering Conference and Symposium on the Foundations of Software Engineering, 2018, p.295-306",,,,,"Continuous deployment (CD) is a software development practice aimed at automating delivery and deployment of a software product, following any changes to its code. If properly implemented, CD together with other automation in the development process can bring numerous benefits, including higher control and flexibility over release schedules, lower risks, fewer defects, and easier on-boarding of new developers. Here we focus on the (r)evolution in CD workflows caused by containerization, the virtualization technology that enables packaging an application together with all its dependencies and execution environment in a light-weight, self-contained unit, of which Docker has become the de-facto industry standard. There are many available choices for containerized CD workflows, some more appropriate than others for a given project. Owing to cross-listing of GitHub projects on Docker Hub, in this paper we report on a mixed-methods study to shed light on developers' experiences and expectations with containerized CD workflows. Starting from a survey, we explore the motivations, specific workflows, needs, and barriers with containerized CD. We find two prominent workflows, based on the automated builds feature on Docker Hub or continuous integration services, with different trade-offs. We then propose hypotheses and test them in a large-scale quantitative study.",,,,,"New York, NY, USA: ACM",,,,,ACM Digital Library Complete,,https://pesquisa.b-on.pt/permalink/351BON_INST/cbhhhe/cdi_acm_books_10_1145_3236024_3236033_brief
Semantics-aware scheduling policies for synchronization determinism,,"Zhao, Qi ; Qiu, Zhengyi ; Jin, Guoliang",,"Proceedings of the 24th Symposium on Principles and Practice of Parallel Programming, 2019, p.242-256",,,,,"A common task for all deterministic multithreading (DMT) systems is to enforce synchronization determinism. However, synchronization determinism has not been the focus of existing DMT research. Instead, most DMT systems focused on how to order data races remained after synchronization determinism is enforced. Consequently, existing scheduling policies for synchronization determinism all have limitations. They may either require performance annotations to achieve good performance or fail to provide schedule stability.
In this paper, we argue that synchronization determinism is more fundamental to DMT systems than existing research suggests and propose efficient and effective scheduling policies. Our key insight is that synchronization operations actually encode programmers' intention on how inter-thread communication should be done and can be used as hints while scheduling synchronization operations. Based on this insight, we have built QiThread, a synchronization-determinism system with semantics-aware scheduling policies. Results of a diverse set of 108 programs show that QiThread is able to achieve comparable low overhead as state-of-the-art synchronization-determinism systems without the limitations associated with them.",,,,,"New York, NY, USA: ACM",,,,,ACM Digital Library Complete,,https://pesquisa.b-on.pt/permalink/351BON_INST/cbhhhe/cdi_acm_books_10_1145_3293883_3295731
Automatic Failure Recovery for Container-Based IoT Edge Applications,,"Olorunnife, Kolade ; Lee, Kevin ; Kua, Jonathan",,"Electronics (Basel), 2021-12, Vol.10 (23), p.3047",,Architecture ; Cloud computing ; Communication ; Containers ; Data processing ; Edge computing ; Internet of things ; Logistics ; Software,,,"Recent years have seen the rapid adoption of Internet of Things (IoT) technologies, where billions of physical devices are interconnected to provide data sensing, computing and actuating capabilities. IoT-based systems have been extensively deployed across various sectors, such as smart homes, smart cities, smart transport, smart logistics and so forth. Newer paradigms such as edge computing are developed to facilitate computation and data intelligence to be performed closer to IoT devices, hence reducing latency for time-sensitive tasks. However, IoT applications are increasingly being deployed in remote and difficult to reach areas for edge computing scenarios. These deployment locations make upgrading application and dealing with software failures difficult. IoT applications are also increasingly being deployed as containers which offer increased remote management ability but are more complex to configure. This paper proposes an approach for effectively managing, updating and re-configuring container-based IoT software as efficiently, scalably and reliably as possible with minimal downtime upon the detection of software failures. The approach is evaluated using docker container-based IoT application deployments in an edge computing scenario.",,,,,Basel: MDPI AG,,,,,ProQuest Central UK/Ireland; Publicly Available Content Database,,https://pesquisa.b-on.pt/permalink/351BON_INST/cbhhhe/cdi_proquest_journals_2608082919
"Widening The Adoption of Web API Fuzzing: Docker, GitHub Action and Python Support for EvoMaster",,"Arcuri, Andrea ; Garrett, Philip ; Galeotti, Juan Pablo ; Zhang, Man",,"Proceedings of the 33rd ACM International Conference on the Foundations of Software Engineering, 2025, p.1084-1088",,,,,"Web APIs, like for example REST, GraphQL and RPC APIs, are widely used in industry. Due to their importance, a lot of research work has been carried out in the recent years on test automation in this domain. Several fuzzers have been developed and evaluated in the research literature. EvoMaster is a state-of-the-art, search-based fuzzer for Web APIs. It is in active development, since 2016, and it is used in several enterprises around the world, like for example at Meituan and Volkswagen. In this paper, we present and discuss its most recent technical features, aimed at widening its adoption in industry. In particular, we discuss its release on Docker, its use in Continuous Integration environments such as GitHub Actions, and the support for test case outputs in Python. This enables us a better technology transfer from academic results to industrial practice. A video showcasing these new features is currently available at: https://youtu.be/l1ybs7SjvcA",,,,,"New York, NY, USA: ACM",,,,,ACM Digital Library Complete,,https://pesquisa.b-on.pt/permalink/351BON_INST/cbhhhe/cdi_acm_books_10_1145_3696630_3728586
Understanding Self-Admitted Technical Debt in Test Code: An Empirical Study,,"Nakamura, Ibuki ; Kashiwa, Yutaro ; Lin, Bin ; Iida, Hajimu",,"ACM transactions on software engineering and methodology, 2026-01",,,,,"Developers often opt for easier but non-optimal implementation to meet deadlines or create rapid prototypes, leading to additional effort known as technical debt to improve the code later. Oftentimes, developers explicitly document the technical debt in code comments, referred to as Self-Admitted Technical Debt (SATD). Numerous researchers have investigated the impact of SATD on different aspects of software quality and development processes. However, most of these studies focus on SATD in production code, often overlooking SATD in the test code or assuming that it shares similar characteristics with SATD in production code. In fact, a significant amount of SATD is also present in the test code, with many instances not fitting into existing categories for the production code. This study aims to fill this gap and disclose the nature of SATD in the test code by examining its distribution and types. Moreover, the relation between its presence and test quality is also analyzed. Our empirical study, involving 17,766 SATD comments (14,987 from production code, 2,779 from test code) collected from 50 repositories, demonstrates that while SATD widely exists in test code, it is not directly associated with test smells. Our study also presents comprehensive categories of SATD types in the test code, and machine learning models are developed to automatically classify SATD comments based on their types for easier management. Our results show that the CodeBERT-based model outperforms other machine learning models in terms of recall and F1-score. However, the performance varies on different types of SATD.",,,,,,,,,,ACM Digital Library Complete,,https://pesquisa.b-on.pt/permalink/351BON_INST/cbhhhe/cdi_crossref_primary_10_1145_3786791
Do SDN configuration changes get reviewed differently? An empirical study at TELUS,,"Kansab, Samah ; Aïdasso, Henri ; Bordeleau, Francis ; Tizghadam, Ali",,"Empirical software engineering : an international journal, 2026-06, Vol.31 (6), p.165",,Computer science ; Configurations ; Documentation ; Feedback ; Quantitative research ; Translators,,,"Configuration files are crucial in Software-Defined Networking (SDN) as they define policies required for the dynamic and safe management of large-scale network traffic. Frequent changes to these files can indicate adaptability and responsiveness but may also suggest instability or frequent reconfiguration needs, due to the intricate dependencies between network components and the risk of misconfigurations that can affect network performance and security. This complexity introduced by these configuration changes poses significant challenges, complicating both the development and review processes. Managing and reviewing these changes effectively is essential to ensure that the network remains robust, secure, and optimized, making it crucial to understand and address the difficulties associated with configuration files in SDN context. This paper presents the results of a study conducted in collaboration with our industrial partner, a telecom company providing SDN-based solutions, to investigate the specific challenges related to the review of configuration files compared to traditional development and documentation files. We analyze 8,495 GitLab Merge Requests (MRs) from five configuration-centric projects. Using both quantitative and qualitative methods, we compare configuration MRs with development and documentation MRs, and examine differences between configuration bug-related and non-bug-related MRs. Our findings show that configuration-dominant MRs (more than 50% of the files are configuration) receive significantly less review participation and activity than development MRs, with less consistent quality and more questions raised. However, configuration-inclusive MRs (less than 50% configuration files) show better review quality and alignment with development standards, featuring more suggestions and evaluations. When compared to documentation MRs, both configuration-dominant and configuration-inclusive MRs exhibit higher review activity and engagement, take longer to review, and are more frequently self-managed. Configuration-dominant bug-related MRs demonstrate significantly higher review activity, engagement, and approval, emphasizing technical accuracy and achieving high-quality ratings. Configuration-inclusive bug-related MRs related to bugs show consistent review quality similar to non-bug-related MRs. The main contributions of the paper are: a comprehensive quantitative and qualitative comparison of reviews on configuration and traditional files, and an assessment of the impact of bugs in configuration files on the review process. These contributions give practitioners valuable insights to identify inefficiencies that reduce participation and effectiveness in configuration reviews in SDN context, while highlighting areas for improving review practices.",,,,,New York: Springer US,,,,,SpringerLink Journals - AutoHoldings,,https://pesquisa.b-on.pt/permalink/351BON_INST/cbhhhe/cdi_springer_journals_10_1007_s10664_026_10897_1
WebAssembly Orchestration in the Context of Serverless Computing,,"Kjorveziroski, Vojdan ; Filiposka, Sonja",,"Journal of network and systems management, 2023-07, Vol.31 (3), p.62, Article 62",,Cold ; Computer networks ; Computer science ; Containers ; Internet of things ; Microcomputers ; Microprocessors ; Software,,,"Recent WebAssembly advancements including better programming language support and the introduction of both the WebAssembly System Interface, and the WebAssembly Component Model, have transformed it from primarily a client-side technology to a server-side one as well. The advantages associated with WebAssembly, such as cross platform portability, small software artifacts sizes, fast start up times, and per execution isolation make it a good fit for serverless scenarios. While there are existing initiatives for using WebAssembly in such serverless contexts, orchestration is still an open question. To overcome this issue, we present a way for extending Kubernetes, allowing it to orchestrate natively executed WebAssembly modules, in addition to containers. We describe an extension to an existing WebAssembly software shim for containerd and a new Kubernetes WebAssembly operator. Benchmarking results from the proposed solution obtained using 9 serverless functions packaged both as WebAssembly modules and OpenFaaS functions running in containers, show that WebAssembly has clear advantages for frequently executed serverless functions which require elasticity. WebAssembly functions enjoy two times faster deployment times and at least an order of magnitude smaller artifact sizes while still offering comparable execution performance. However, when it comes to sustained performance for long running serverless functions with processor intensive workloads, containers are the preferred choice, compensating for the increased cold start times with faster execution times.",,,,,New York: Springer US,,,,,ProQuest Central UK/Ireland; SpringerLink Journals - AutoHoldings; ProQuest One Business,,https://pesquisa.b-on.pt/permalink/351BON_INST/cbhhhe/cdi_crossref_citationtrail_10_1007_s10922_023_09753_0
An Empirical Study of Automated Machine Learning Python Libraries Using Source Code Analysis,,"O’Leary, Christian ; Lynch, Conor ; Toosi, Farshad Ghassemi",,"Applied Computer Systems (Online), 2026-01, Vol.31 (1), p.95-115",,Artificial intelligence ; Libraries ; Machine learning ; Programming ; Software,,,"The growth of Automated Machine Learning (AutoML) has expanded access to machine learning workflows by enabling the automation of tasks and reducing the technical barrier to entry. However, the reliability and maintainability of these libraries depend on the quality of their underlying source code. This study presents a novel, systematic analysis of 16 Python AutoML libraries utilising SonarQube – an industry-standard SCA platform – and Python analysis tools: Bandit, Coverage.py, Prospector, Pylint, Radon, and Ruff. The AutoML Libraries are evaluated using software quality metrics, which collectively reflect overall code complexity, maintainability, security, and adherence to Python coding standards.
Strong agreement was observed between SonarQube-based rankings and rankings derived from Python-based tools. Based on median SCA rankings, the libraries were ordered (highest to lowest estimated code quality) as follows: Hyperopt-sklearn, AutoKeras, GAMA, MLBox, FEDOT, TPOT, MLJAR, LightAutoML, Auto-sklearn, PyCaret, FLAML, Auto-PyTorch, Ludwig, EvalML, AutoTS, and AutoGluon.
An additional exploratory Spearman rank correlation analysis examined the relationship between SCA metrics and forecasting performance measures from a prior electricity price prediction benchmark (
= 7). Several SCA metrics exhibit strong monotonic relationships with forecasting error measures, e.g., SonarQube
and
correlate positively with mean absolute error (ρ = 0.86), while
(ρ = −0.89) and
(ρ = − 0.86) correlate negatively with library execution time. Due to the limited sample size, these findings are descriptive and non-parametric. The results suggest that code quality scores may relate to lower-bound predictive performance and computational efficiency, warranting further validation.",,,,,Riga: Sciendo,,,,,ProQuest Central UK/Ireland; Walter De Gruyter: Open Access Journals; Publicly Available Content Database; DOAJ Directory of Open Access Journals,,https://pesquisa.b-on.pt/permalink/351BON_INST/cbhhhe/cdi_walterdegruyter_journals_10_2478_acss_2026_000931195
Building a Modular and Fault-Tolerant Trading System: A Microservices Approach to Scalable Asset Exchange,,"Guru, Dhivya ; Chinnaiah, Baskar ; Subramaniam, Senthilraj",,"International journal of software innovation, 2026-01, Vol.14 (1), p.1-29",,Data processing ; Middleware ; Realtime . . . ; Web applications,,,"A high-performance real-time trading platform is developed to facilitate the exchange of assets across a distributed architecture, emphasizing low-latency execution and a seamless user experience. The project focuses on creating a scalable back end through microservices to handle increasing traffic and demand without compromising system reliability or performance. By implementing real-time data processing and efficient communication mechanisms, the platform ensures rapid transaction execution and responsiveness even under heavy loads. Key design considerations include fault tolerance, minimal downtime, and an intuitive web interface that provides users with real-time updates. The project evaluates the system's performance through stress testing and scalability assessments, ensuring that the platform can support real-world trading demands effectively.",,,,,Mount Pleasant: IGI Global,,,,,ProQuest Central UK/Ireland,,https://pesquisa.b-on.pt/permalink/351BON_INST/cbhhhe/cdi_crossref_primary_10_4018_IJSI_398844
An Empirical Study on Quality Issues of Deep Learning Platform,,"Gao, Yanjie ; Shi, Xiaoxiang ; Lin, Haoxiang ; Zhang, Hongyu ; Wu, Hao ; Li, Rui ; Yang, Mao",,"IEEE/ACM International Conference on Software Engineering: Software Engineering in Practice (Online), 2023, p.455-466",,Graphics processing units ; Hardware ; Productivity,,,"In recent years, deep learning (DL) has been increasingly adopted in many application areas. To help deep learning developers better train and test their models, enterprises have built dedicated, multi-tenant platforms equipped with a mass of computing devices like GPUs. The service quality of these platforms plays a critical role in system efficiency and user experience. Nevertheless, there indeed exist diverse types of quality issues that not only waste computing resources significantly but also slow down development productivity severely. In this paper, we present a comprehensive empirical study on quality issues of Platform-X in Microsoft. Platform-X is an internal production deep learning platform that serves hundreds of developers and researchers. We have manually examined 360 real issues and investigated their common symptoms, root causes, and mitigation actions. Our major findings include: (1) 28.33% of the quality issues are caused by hardware (the GPU, network, and compute node) faults; (2) 28.33% of them result from system-side faults (e.g., system defects and service outages); (3) User-side faults (e.g., user bugs and policy violation) account for more than two-fifths (43.34%) of all the common causes; (4) More than three-fifths of all the quality issues can be mitigated by simply resubmitting jobs (34.72%) and improving user code (24.72%). Our study results provide valuable guidance on promoting the service quality of deep learning platforms from both the development and maintenance aspects. The results further motivate possible research directions and tooling support.",,,,,"Piscataway, NJ, USA: IEEE Press",,,,,ACM Digital Library Complete,,https://pesquisa.b-on.pt/permalink/351BON_INST/cbhhhe/cdi_acm_books_10_1109_ICSE_SEIP58684_2023_00052_brief
Empirical evidence on technical challenges when adopting continuous practices,,"Portela, André ; de França, Breno Bernard Nicolau",,"Proceedings of the XXXVII Brazilian Symposium on Software Engineering, 2023, p.11-20",,,,,"Context: Continuous Software Engineering offers several benefits like fast iterations, increased reliability, and shorter lead times to react to business needs through practices like Continuous Integration, Delivery, and Deployment, but these practices come with many adoption challenges, which may appear as social (hard to identify and overcome) or technical challenges (TCs). Since anticipating even a small amount of possible challenges can be overwhelming, there is value in detecting them as early as possible to make it cheaper, faster, and more feasible to adopt this set of practices. Objective: We summarize evidence about identifying TCs to adopt continuous deployment and related practices. Method: We performed a Rapid Review that analyzed 14 studies and performed a narrative summary to provide an evidence briefing to practitioners. Results: We identified 121 TCs and organized them into nine categories: architecture, building, code, deployment, development practices, operations, pipeline, security, and testing. TCs related to code, pipeline, and testing are the most prevalent in the reviewed literature, while operations and deployment are the least. Static analysis strategies are the most used for detecting TCs, accounting for 94 detection strategies out of 100. However, most of these static analyses resort to some parsing technique. Specifically, Abstract Syntax Tree is the most used, detecting 44 TCs. Conclusion: Most studies have mixed evidence about identifying TCs to adopt continuous practices - some focus on evaluating the efficiency of detection strategies. In contrast, others are more focused on their characterization. We also identified varying levels of efficiency when detecting TCs. Finally, we advise attention to interpreting the results based on the overall quality score.",,,,,"New York, NY, USA: ACM",,,,,ACM Digital Library Complete,,https://pesquisa.b-on.pt/permalink/351BON_INST/cbhhhe/cdi_acm_books_10_1145_3613372_3613390_brief
ActionsRemaker: Reproducing GitHub Actions,,"Zhu, Hao-Nan ; Guan, Kevin Z. ; Furth, Robert M. ; Rubio-González, Cindy",,"Proceedings (IEEE/ACM International Conference on Software Engineering Companion. Online), 2023, p.11-15",,Computer software ; Data mining ; Information storage and retrieval systems ; Reproducibility of Results ; Software ; Software engineering,,,"Mining Continuous Integration and Continuous Delivery (CI/CD) has enabled new research opportunities for the software engineering (SE) research community. However, it remains a challenge to reproduce CI/CD build processes, which is crucial for several areas of research within SE such as fault localization and repair. In this paper, we present ActionsRemaker, a reproducer for GitHub Actions builds. We describe the challenges on reproducing GitHub Actions builds and the design of ActionsRemaker. Evaluation of ActionsRemaker demonstrates its ability to reproduce fail-pass pairs: of 180 pairs from 67 repositories, 130 (72.2%) from 43 repositories are reproducible. We also discuss reasons for unreproducibility. ActionsRemaker is publicly available at https://github.com/bugswarm/actions-remaker, and a demo of the tool can be found at https://youtu.be/flblSqoxeAk.",,,,,"Piscataway, NJ, USA: IEEE Press",,,,,IEEE Proceedings Order Plans (POP All) 1998-Present; ACM Digital Library Complete,,https://pesquisa.b-on.pt/permalink/351BON_INST/cbhhhe/cdi_ieee_primary_10172488
On combining commit grouping and build skip prediction to reduce redundant continuous integration activity,,"Kamath, Divya M. ; Fernandes, Eduardo ; Adams, Bram ; Hassan, Ahmed E.",,"Empirical software engineering : an international journal, 2024-11, Vol.29 (6), p.145, Article 145",,Computer science ; Heuristic ; Machine learning ; Prophecies ; Translators,,,"Context
Continuous Integration (CI) is a resource intensive, widely used industry practice. The two most commonly used heuristics to reduce the number of builds are either by grouping multiple builds together or by skipping builds predicted to be safe. Yet, both techniques have their disadvantages in terms of missing build failures and respectively higher build turn-around time (delays).
Objective
We aim to bring together these two lines of research, empirically comparing their advantages and disadvantages over time, and proposing and evaluating two ways in which these build avoidance heuristics can be combined more effectively, i.e., the ML-CI model based on machine learning and the Timeout Rule.
Method
We empirically study the trade-off between reduction in the number of builds required and the speed of recognition of failing builds on a dataset of 79,482 builds from 20 open-source projects.
Results
We find that both of our hybrid heuristics can provide a significant improvement in terms of less missed build failures and lower delays than the baseline heuristics. They substantially reduce the turn-around-time of commits by 96% in comparison to skipping heuristics, the Timeout Rule also enables a median of 26.10% less builds to be scheduled than grouping heuristics.
Conclusions
Our hybrid approaches offer build engineers a better flexibility in terms of scheduling builds during CI without compromising the quality of the resulting software.",,,,,New York: Springer US,,,,,ProQuest Central UK/Ireland; SpringerLink Journals - AutoHoldings,,https://pesquisa.b-on.pt/permalink/351BON_INST/cbhhhe/cdi_crossref_citationtrail_10_1007_s10664_024_10477_1
"""@alex, this fixes #9"": Analysis of Referencing Patterns in Pull Request Discussions",,"Chopra, Ashish ; Mo, Morgan ; Dodson, Samuel ; Beschastnikh, Ivan ; Fels, Sidney S. ; Yoon, Dongwook",,"Proceedings of the ACM on human-computer interaction, 2021-10, Vol.5 (CSCW2), p.1-25, Article 385",,,,,"Pull Requests (PRs) are a frequently used method for proposing changes to source code repositories. When discussing proposed changes in a PR discussion, stakeholders often reference a wide variety of information objects for establishing shared awareness and common ground. Previous work has not considered how the referential behavior impacts collaborative software development via PRs. This knowledge gap is the major barrier in evaluating the current support for referencing in PRs and improving them. We conducted an explorative analysis of \textasciitilde7K references, collected from 450 public PRs on GitHub, and constructed taxonomies of referent types and expressions. Using our annotated dataset, we identified several patterns in the use of references. Referencing source code elements was prevalent but the authoring interface lacks support for it. Three classes of contextual factors influence referencing behaviors: referent type, discussion thread, and project attributes. Referencing patterns may indicate PR outcomes (e.g., merged PRs frequently reference issues, users, and tests). We conclude with design implications to support more effective referencing in PR discussion interfaces.",,,,,"New York, NY, USA: ACM",,,,,ACM Digital Library Complete,,https://pesquisa.b-on.pt/permalink/351BON_INST/cbhhhe/cdi_crossref_primary_10_1145_3479529
Software-Defined Edge Cloud Framework for Resilient Multitenant Applications,,"Divakara, Chinmayi ; Kamaal, Tejeshwar ; Gurudutt, Abhishek ; Manangi Ravindrarao, Nagthej ; Liu, Kaikai ; Prabhakaran, Praveen; Chen, Yu",,"Wireless communications and mobile computing, 2019, Vol.2019 (2019), p.1-17",,Automation ; Civil defense ; Cloud computing ; Communication ; Computation laboratories ; Containers ; Customer services ; Data processing service centers ; Electronic data processing departments ; Emergency management ; Internet of things ; Software,,,"Edge application’s distributed nature presents significant challenges for developers in orchestrating and managing the multitenant applications. In this paper, we propose a practical edge cloud software framework for deploying multitenant distributed smart applications. Here we exploit commodity, a low cost embedded board to form distributed edge clusters. The cluster of geo-distributed and wireless edge nodes not only power multitenant IoT applications that are closer to the data source and the user, but also enable developers to remotely deploy and orchestrate application containers over the cloud. Specifically, we propose building a software platform to manage the distributed edge nodes along with support services to deploy and launch isolated and multitenant user applications through a lightweight container. In particular, we propose an architectural solution to improve the resilience of edge cloud services through peer collaborated service migration when the failures happen or when resources are overburdened. We focus on giving the developers a single point control of the infrastructure over the intermittent and lossy wide area networks (WANs) and enabling the remote deployment of multitenant applications.",,,,,"Cairo, Egypt: Hindawi Publishing Corporation",,,,,ProQuest Central UK/Ireland; Publicly Available Content Database,,https://pesquisa.b-on.pt/permalink/351BON_INST/cbhhhe/cdi_hindawi_primary_10_1155_2019_3947286
On the Nature of Issues in Five Open Source Microservices Systems: An Empirical Study,,"Waseem, Muhammad ; Liang, Peng ; Shahin, Mojtaba ; Ahmad, Aakash ; Nassab, Ali Rezaei; Chitchyan, Ruzanna ; Li, Jingyue ; Weber, Barbara ; Yue, Tao",,"Proceedings of the 25th International Conference on Evaluation and Assessment in Software Engineering, 2021, p.201-210",,,,,"Due to its enormous benefits, the research and industry communities have shown an increasing interest in the Microservices Architecture (MSA) style over the last few years. Despite this, there is a limited evidence-based and thorough understanding of the types of issues (e.g., faults, errors, failures, mistakes) faced by microservices system developers and causes that trigger the issues. Such evidence-based understanding of issues and causes is vital for long-term, impactful, and quality research and practice in the MSA style. To that end, we conducted an empirical study on 1,345 issue discussions extracted from five open source microservices systems hosted on GitHub. Our analysis led to the first of its kind taxonomy of the types of issues in open source microservices systems, informing that the problems originating from Technical debt (321, 23.86%), Build (145, 10.78%), Security (137, 10.18%), and Service execution and communication (119, 8.84%) are prominent. We identified that “General programming errors”, “Poor security management”, “Invalid configuration and communication”, and “Legacy versions, compatibility and dependency” are the predominant causes for the leading four issue categories. Study results streamline a taxonomy of issues, their mapping with underlying causes, and present empirical findings that could facilitate research and development on emerging and next-generation microservices systems.",,,,,"New York, NY, USA: ACM",,,,,ACM Digital Library Complete,,https://pesquisa.b-on.pt/permalink/351BON_INST/cbhhhe/cdi_acm_books_10_1145_3463274_3463337_brief
ElasticMiter: Formally Verified Dataflow Circuit Rewrites,,"Elakhras, Ayatallah ; Xu, Jiahui ; Erhart, Martin ; Ienne, Paolo ; Josipovi?, Lana",,"Proceedings of the 30th ACM International Conference on Architectural Support for Programming Languages and Operating Systems, Volume 2, 2025, p.293-308",,,,,"Dataflow circuits have been studied for decades as a way to implement both asynchronous and synchronous designs, and, more recently, have attracted attention as the target of high-level synthesis (HLS) compilers. Yet, little is known about mechanisms to systematically transform and optimize the datapaths of the obtained circuits into functionally equivalent but simpler ones. The main challenge is that of equivalence verification: The latency-insensitive nature of dataflow circuits is incompatible with the standard notion of sequential equivalence, which prevents the direct usage of standard sequential equivalence verification strategies and hinders the development of formally verified dataflow circuit transformations in HLS. In this paper, we devise a generic framework for verifying the equivalence of latency-insensitive circuits. To showcase the practical usefulness of our verification framework, we develop a graph rewriting system that systematically transforms dataflow circuits into simpler ones. We employ our framework to verify our graph rewriting patterns and thus prove that the obtained circuits are equivalent to the original ones. Our work is the first to formally verify dataflow circuit transformations and is a foundation for building formally verified dataflow HLS compilers.",,,,,"New York, NY, USA: ACM",,,,,ACM Digital Library Complete,,https://pesquisa.b-on.pt/permalink/351BON_INST/cbhhhe/cdi_acm_books_10_1145_3676641_3715993
Longevity of Artifacts in Leading Parallel and Distributed Systems Conferences: a Review of the State of the Practice in 2023,,"Guilloteau, Quentin ; Ciorba, Florina ; Poquet, Millian ; Goepp, Dorian ; Richard, Olivier",,"Proceedings of the 2nd ACM Conference on Reproducibility and Replicability, 2024, p.121-133",,,,,"Reproducibility is the cornerstone of science. Many scientific communities have been struck by the reproducibility crisis, and computer science is no exception. Its answer has been to require artifact evaluations along with accepted articles and award badges to reward authors for their efforts to support ‘reproducibility.’ Authors voluntarily submit artifacts associated with a submission to reviewers who decide their ‘reproducibility’ properties. We argue that the notion of ‘reproducibility’ considered by such badges is limited and misses important aspects of the reproducibility crisis. In this article, we survey almost 300 articles from five leading conferences on parallel and distributed systems held in 2023 (CCGrid, EuroSys, OSDI, PPoPP, and SC). For each article, we gather information about its artifacts (how it was shared, under which experimental setup, and how the software environment was generated and shared), as well as the reproducibility badges awarded. By reviewing the methods and tools used to create and share artifacts in a technical, in-depth, and article content-agnostic manner, we found that the state of practice does not address reproducibility in terms of artifact longevity and we expose eight observations that support this finding. To address the longevity of artifacts, we propose a new badge based on source code, experimental setup, and software environment. These criteria will allow rewarding artifacts expected to withstand the test of time. This work aims to shed light on the issue of long-term reproducibility in parallel and distributed systems and to start a discussion in the community towards addressing the issue.",,,,,"New York, NY, USA: ACM",,,,,ACM Digital Library Complete,,https://pesquisa.b-on.pt/permalink/351BON_INST/cbhhhe/cdi_acm_books_10_1145_3641525_3663631_brief
Automated Grading for Advanced Topics Courses,,"Maicus, Evan E",,,,Academic achievement ; Algorithms ; Computer graphics ; Computer science ; Educational attainment ; Educational technology ; Grading ; Mathematics ; Sampling,,,"As Computer Science course enrollments have increased over recent years, instructors have turned to automated grading systems to help relieve the burden of processing student assignments. However, the available autograding solutions have generally lacked support for traditionally difficult-to-grade advanced topics courses. In this thesis, I explore the ""autogradeability"" of the assignments presented in advanced topics computer science courses. I assert that automated grading systems can both support such courses and can be designed such that they are easy to use for instructors and of great educational value to students. I introduce a set of six performance axes through which the viability of an autograding system can be assessed: Repeatability, Scalability, Security, Extensibility, Instructor Ease of Use, and Educational Value. I lay out an extensibility-based design philosophy, which promotes system modularity for the simpler integration of features to support new courses, and I champion the inclusion of features which increase educational value to students within an autograding system. I detail the conception, design, implementation, and success of automated grading subsystems to process networked assignments and interactive computer graphics assignments, as well as the advancements in automated grading infrastructure necessary to achieve this success. Finally, I look to assignments which cannot be automatically processed, and turn to peer grading as a method of alleviating instructor burden while providing a valuable learning experience to the student. To that end, I propose a novel algorithm for peer review matching. This algorithm uses stratified sampling informed by a student's likelihood to produce feedback of high quality to increase the probability that a peer assessee will receive actionable, educationally valuable feedback.",,,,,ProQuest Dissertations & Theses,2021,,,,ProQuest One Education,,https://pesquisa.b-on.pt/permalink/351BON_INST/cbhhhe/cdi_proquest_journals_2729068668
Building deduplicated model repositories to assess domain-specific languages evolution,,"Lachance, Alexandre ; Mosser, Sebastien",,"Proceedings of the ACM/IEEE 27th International Conference on Model Driven Engineering Languages and Systems, 2024, p.1025-1034",,,,,"Software evolution and maintenance is a real challenge in modern software engineering. In the context of model-driven development, which heavily rely on interconnected (meta-)models, tools and generators, evolving both models and their associated meta-models is particularly complex. This issue is also prevalent in language engineering, where evolving a language's grammar or semantics must remain consistent with the pre-existing models. In this paper, we explore how techniques inspired by repository mining can help a model designer/language engineer to build a deduplicated dataset of existing models available in open source repositories. Deduplication is essential to ensure the evolution made on the meta-model/language can be efficiently assessed. We apply the method to the P4 language, an industrial domain-specific language (Intel, Linux foundation) used to model software defined networks.",,,,,"New York, NY, USA: ACM",,,,,ACM Digital Library Complete,,https://pesquisa.b-on.pt/permalink/351BON_INST/cbhhhe/cdi_acm_books_10_1145_3652620_3688338
Incremental flattening for nested data parallelism,,"Henriksen, Troels ; Thorøe, Frederik ; Elsman, Martin ; Oancea, Cosmin",,"Proceedings of the 24th Symposium on Principles and Practice of Parallel Programming, 2019, p.53-67",,,,,"Compilation techniques for nested-parallel applications that can adapt to hardware and dataset characteristics are vital for unlocking the power of modern hardware. This paper proposes such a technique, which builds on flattening and is applied in the context of a functional data-parallel language. Our solution uses the degree of utilized parallelism as the driver for generating a multitude of code versions, which together cover all possible mappings of the application's regular nested parallelism to the levels of parallelism supported by the hardware. These code versions are then combined into one program by guarding them with predicates, whose threshold values are automatically tuned to hardware and dataset characteristics. Our unsupervised method---of statically clustering datasets to code versions---is different from autotuning work that typically searches for the combination of code transformations producing a single version, best suited for a specific dataset or on average for all datasets.
We demonstrate---by fully integrating our technique in the repertoire of a compiler for the Futhark programming language---significant performance gains on two GPUs for three real-world applications, from the financial domain, and for six Rodinia benchmarks.",,,,,"New York, NY, USA: ACM",,,,,ACM Digital Library Complete,,https://pesquisa.b-on.pt/permalink/351BON_INST/cbhhhe/cdi_acm_books_10_1145_3293883_3295707_brief
Scientific Tests and Continuous Integration Strategies to Enhance Reproducibility in the Scientific Software Context,,"Krafczyk, Matthew ; Shi, August ; Bhaskar, Adhithya ; Marinov, Darko ; Stodden, Victoria",,"Proceedings of the 2nd International Workshop on Practical Reproducible Evaluation of Computer Systems, 2019, p.23-28",,,,,"Continuous integration (CI) is a well-established technique in commercial and open-source software projects, although not routinely used in scientific publishing. In the scientific software context, CI can serve two functions to increase reproducibility of scientific results: providing an established platform for testing the reproducibility of these results, and demonstrating to other scientists how the code and data generate the published results. We explore scientific software testing and CI strategies using two articles published in the areas of applied mathematics and computational physics. We discuss lessons learned from reproducing these articles as well as examine and discuss existing tests. We introduce the notion of a ""scientific test"" as one that produces computational results from a published article. We then consider full result reproduction within a CI environment. If authors find their work too time or resource intensive to easily adapt to a CI context, we recommend the inclusion of results from reduced versions of their work (e.g., run at lower resolution, with shorter time scales, with smaller data sets) alongside their primary results within their article. While these smaller versions may be less interesting scientifically, they can serve to verify that published code and data are working properly. We demonstrate such reduction tests on the two articles studied.",,,,,"New York, NY, USA: ACM",,,,,ACM Digital Library Complete,,https://pesquisa.b-on.pt/permalink/351BON_INST/cbhhhe/cdi_acm_books_10_1145_3322790_3330595
The Impact of an Automation System Built with Jenkins on the Efficiency of Container-Based System Deployment,,"Hyun, Giwoo ; Oak, Jiwon ; Kim, Donghoon ; Kim, Kunwoo",,"Sensors (Basel, Switzerland), 2024-09, Vol.24 (18), p.6002",,Automation ; Cloud computing ; Computer software ; Efficiency ; Mechanization ; Methodology ; Methods ; Software engineering,,,"This paper evaluated deployment efficiency by comparing manual deployment with automated deployment through a CI/CD pipeline using Jenkins. This study involved moving from a manual deployment process to an automated system using Jenkins and experimenting with both deployment methods in a real-world environment. The results showed that the automated deployment system significantly reduced the deployment time compared to manual deployment and significantly reduced the error rate. Manual deployment required human intervention at each step, making it time-consuming and prone to mistakes, while automated deployment using Jenkins automated each step to ensure consistency and maximized time efficiency through parallel processing. Automated testing verified the stability of the code before deployment, minimizing errors. This study demonstrates the effectiveness of adopting a CI/CD pipeline and shows that automated systems can provide high efficiency in real-world production environments. It also highlights the importance of security measures to prevent sensitive information leakage during CI/CD, suggesting the use of secrecy management tools and environment variables and limiting access rights. This research will contribute to exploring the applicability of CI/CD pipelines in different environments and, in doing so, validate the universality of automated systems.",,,,,Switzerland: MDPI AG,,,,,ProQuest Central UK/Ireland; EBSCOhost Academic Search Ultimate; Publicly Available Content Database; EBSCOhost Academic Search Complete; DOAJ Directory of Open Access Journals,,https://pesquisa.b-on.pt/permalink/351BON_INST/cbhhhe/cdi_gale_infotracacademiconefile_A810795106
Local software buildability across Java versions,,"Sulír, Matúš ; Porubän, Jaroslav ; Chodarev, Sergej",,"Empirical software engineering : an international journal, 2026-05, Vol.31 (3), p.78, Article 78",,Automation ; Computer science ; Designers ; Open source software ; Translators,,,"Context
Downloading the source code of open-source Java projects and building them on a local computer using Maven, Gradle, or Ant is a common activity performed by researchers and practitioners. Several studies have so far found that about 40–60% of such attempts fail. Our experience in recent years suggests that the proportion of failed builds continually rises even further.
Objective
First, we empirically tested our hypothesis that with increasing Java versions, the percentage of build-failing projects tends to grow. Next, nine additional research questions were proposed, related mainly to the proportions of failing projects, universal version compatibility, failures under specific JDK versions, success rates of build tools, wrappers, and failure categories.
Method
We sampled 2,500 random plain Java projects having a build configuration file and meeting basic quality criteria from GitHub. We tried to automatically build every project in containers with Java versions 6 to 23 installed. Success or failure was determined by exit codes, and standard output and error streams were saved. Data were automatically processed and supplemented with manual analysis when necessary.
Results
Our hypothesis was not confirmed; there is no monotonic trend in the projects’ build success rates. From Java 8 onward, they range from 30 to 44%, with a peak at JDK 17. Downgrading the latest JDK can fix 52% of failed builds. Trying the long-term support versions (8, 11, 17, and 21) is a particularly effective build repair strategy. We also found that about 32% of projects fail for all JDKs. Gradle consistently has the lowest success rate of all tools, and builds most frequently fail during initialization and compilation.
Conclusions
Building projects with a wrong Java version is a significant failure factor. We provide actionable suggestions for language designers, build tool authors, project maintainers, researchers designing build repair tools, and developers compiling open-source projects.",,,,,New York: Springer US,,,,,SpringerLink Journals - AutoHoldings,,https://pesquisa.b-on.pt/permalink/351BON_INST/cbhhhe/cdi_proquest_journals_3307174400
Autograding Distributed Algorithms in Networked Containers,,"Maicus, Evan ; Peveler, Matthew ; Patterson, Stacy ; Cutler, Barbara",,"Proceedings of the 50th ACM Technical Symposium on Computer Science Education, 2019, p.133-138",,,,,"We present a container-based system to automatically run and evaluate networked applications that implement distributed algorithms. Our implementation of this design leverages lightweight, networked Docker containers to provide students with fast, accurate, and helpful feedback about the correctness of their submitted code. We provide a simple, easy-to-use interface for instructors to specify networks, deploy and run instances of student and instructor code, and to log and collect statistics concerning node connection types and message content. Instructors further have the ability to control network features such as message delay, drop, and reorder. Running student programs can be interfaced with via stream-controlled standard input or through additional containers running custom instructor software. Student program behavior can be automatically evaluated by analyzing console or file output and instructor-specified rules regarding network communications. Program behavior, including logs of all messages passed within the system, can optionally be displayed to the student to aid in development and debugging. We evaluate the utility of this design and implementation for managing the submission and robust and secure testing of programming projects in a large enrollment theory of distributed systems course. This research has been implemented as an extension to Submitty, an open source, language-agnostic course management platform with automated testing and automated grading of student programming assignments. Submitty supports all levels of courses, from introductory to advanced special topics, and includes features for manual grading by TAs, version control, team submission, discussion forums, and plagiarism detection.",,,,,"New York, NY, USA: ACM",,,,,ACM Digital Library Complete,,https://pesquisa.b-on.pt/permalink/351BON_INST/cbhhhe/cdi_acm_books_10_1145_3287324_3287505_brief
DockerizeMe: Automatic Inference of Environment Dependencies for Python Code Snippets,,"Horton, Eric ; Parnin, Chris",,"Proceedings / International Conference on Software Engineering, 2019, p.328-338",,Configuration management ; Indexes ; Libraries ; Task analysis ; Wheels,,,"Platforms like Stack Overflow and GitHub's gist system promote the sharing of ideas and programming techniques via the distribution of code snippets designed to illustrate particular tasks. Python, a popular and fast-growing programming language, sees heavy use on both sites, with nearly one million questions asked on Stack Overflow and 400 thousand public gists on GitHub. Unfortunately, around 75% of the Python example code shared through these sites cannot be directly executed. When run in a clean environment, over 50% of public Python gists fail due to an import error for a missing library. We present DockerizeMe, a technique for inferring the dependencies needed to execute a Python code snippet without import error. DockerizeMe starts with offline knowledge acquisition of the resources and dependencies for popular Python packages from the Python Package Index (PyPI). It then builds Docker specifications using a graph-based inference procedure. Our inference procedure resolves import errors in 892 out of nearly 3,000 gists from the Gistable dataset for which Gistable's baseline approach could not find and install all dependencies.",,,,,IEEE,,,,,IEEE Proceedings Order Plans (POP All) 1998-Present,,https://pesquisa.b-on.pt/permalink/351BON_INST/cbhhhe/cdi_ieee_primary_8811897
Towards A Standardized Aerial Platform: ICUAS’22 Firefighting Competition,,"Markovic, Lovro ; Petric, Frano ; Ivanovic, Antun ; Goricanec, Jurica ; Car, Marko ; Orsag, Matko ; Bogdan, Stjepan",,"Journal of intelligent & robotic systems, 2023-07, Vol.108 (3), p.52, Article 52",,Artificial intelligence ; Competition ; Control ; Drone aircraft ; Electrical engineering ; Engineering ; Fire extinction ; Laboratories ; Mechanical engineering ; Mechatronics ; Robotics ; Robots,,,"This paper presents an Unmanned Aerial Vehicle (UAV) platform used for the competition held at the International Conference for Unmanned Aircraft Systems 2022 (ICUAS’22). The envisioned scenario in the competition is delivering an extinguishing ball to a fire with a UAV. Driven on that thought, the qualifying round of the competition is organized in a realistic simulation environment. The competitors are required to navigate through a cluttered environment into a free space, where they perform a search for the target and deliver the ball as close as possible to that target. The competition finals were organized as a part of the conference, with the same goal as in the simulation qualifiers. The UAVs used for the competition are prepared and provided by the organizers. A detailed description of the UAV software and hardware is outlined in the paper as a step towards standardizing aerial research platform.",,,,,Dordrecht: Springer Netherlands,,,,,ProQuest Central UK/Ireland; SpringerLink Journals - AutoHoldings,,https://pesquisa.b-on.pt/permalink/351BON_INST/cbhhhe/cdi_crossref_citationtrail_10_1007_s10846_023_01909_z
An Empirical Study of Fuzz Harness Degradation,,"Görz, Philipp ; Schilling, Joschua ; Bissantz, Nicolai ; Holz, Thorsten",,"Proceedings of the ACM on software engineering, 2026-06, Vol.3 (FSE), p.3746-3768, Article FSE165",,,,,"Fuzzing is a widely used technique to automatically test software for potential faults. To fuzz software projects efficiently and effectively, software developers must use fuzz harnesses, i.e., small programs that connect the fuzzer to the project’s code under test. However, as projects evolve, it is unclear whether fuzz harnesses are maintained in lockstep or left to stagnate, and whether unmaintained fuzz harnesses gradually degrade in terms of code coverage and bug-finding effectiveness. In this paper, we focus on OSS-Fuzz, the largest continuous fuzzing platform in practice, which provides harnesses for 510 security-critical open-source C/projects. These harnesses are usually contributed by project maintainers or external developers, yet their ongoing maintenance is not always ensured. Our analysis shows that, overall, harnesses exhibit only a small reduction in coverage and retain surprising longevity in their ability to uncover bugs. At the same time, we also identify cases where harnesses degrade, analyze their root causes and the involved semantics of the code changes, and categorize them systematically. Finally, we extend OSS-Fuzz and Fuzz Introspector, a companion project to investigate fuzzer performance, with new metrics to automatically detect harness degradation, enabling more effective monitoring of fuzzing quality in evolving projects.",,,,,"New York, NY, USA: ACM",,,,,ACM Digital Library Complete,,https://pesquisa.b-on.pt/permalink/351BON_INST/cbhhhe/cdi_acm_primary_3808172
"SWE Data Construction, Automatically!",,"Guo, Lianghong ; Wang, Yanlin ; Li, Caihua ; Tao, Wei ; Yang, Pengyu ; Chen, Jiachi ; Song, Haoyu ; Tang, Duyu ; Zheng, Zibin",,"Proceedings of the ACM on software engineering, 2026-06, Vol.3 (FSE), p.525-546, Article FSE024",,,,,"Constructing large-scale datasets for the GitHub issue resolution task is crucial for both training and evaluating the software engineering capabilities of Large Language Models (LLMs). However, the existing GitHub issue resolution data construction pipeline is challenging and labor-intensive. We identify three key limitations in existing pipelines: (1) test patches collected often omit binary file changes; (2) the manual construction of evaluation environments is labor-intensive; and (3) the fail2pass validation phase requires manual inspection of test logs and writing custom parsing code to extract test status from logs. In this paper, we propose SWE-Factory, a fully automated issue resolution data construction pipeline, to resolve these limitations. First, our pipeline automatically recovers missing binary test files and ensures the correctness of test patches. Second, we introduce SWE-Builder, an LLM-based agentic system that automates evaluation environment construction. Third, we introduce a standardized, exit-code-based log parsing method to automatically extract test status, enabling a fully automated fail2pass validation. Experiments on 671 real-world GitHub issues across four programming languages show that our method can effectively construct valid evaluation environments for GitHub issues at a reasonable cost. For example, with GPT-4.1 mini, our SWE-Builder constructs 337 valid task instances out of 671 issues, at $0.047 per instance. Our ablation study further shows the effectiveness of different components of SWE-Builder. We also demonstrate through manual inspection that our exit-code-based fail2pass validation method is highly accurate, achieving an F1 score of 0.99. Additionally, we conduct an exploratory experiment to investigate whether we can use SWE-Factory to enhance models’ software engineering ability. After training five models on 2,809 Python task instances collected by our method, all models show improved software engineering ability. For example, the resolve rate of a trained Qwen2.5-Coder-14B-Instruct on SWE-bench Verified increases from 5.8% to 21.0%. We hope our method can accelerate the construction of large-scale, high-quality GitHub issue resolution datasets for both training and evaluation.",,,,,"New York, NY, USA: ACM",,,,,ACM Digital Library Complete,,https://pesquisa.b-on.pt/permalink/351BON_INST/cbhhhe/cdi_acm_primary_3797119
V2: fast detection of configuration drift in Python,,"Horton, Eric ; Parnin, Chris",,"IEEE/ACM International Conference on Automated Software Engineering : [proceedings], 2019, p.477-488",,Configuration management ; Documentation ; Indexes ; Semantics,,,"Code snippets are prevalent, but are hard to reuse because they often lack an accompanying environment configuration. Most are not actively maintained, allowing for drift between the most recent possible configuration and the code snippet as the snippet becomes out-of-date over time. Recent work has identified the problem of validating and detecting out-of-date code snippets as the most important consideration for code reuse. However, determining if a snippet is correct, but simply out-of-date, is a non-trivial task. In the best case, breaking changes are well documented, allowing developers to manually determine when a code snippet contains an out-of-date API usage. In the worst case, determining if and when a breaking change was made requires an exhaustive search through previous dependency versions.
We present V2, a strategy for determining if a code snippet is out-of-date by detecting discrete instances of configuration drift, where the snippet uses an API which has since undergone a breaking change. Each instance of configuration drift is classified by a failure encountered during validation and a configuration patch, consisting of dependency version changes, which fixes the underlying fault. V2 uses feedback-directed search to explore the possible configuration space for a code snippet, reducing the number of potential environment configurations that need to be validated. When run on a corpus of public Python snippets from prior research, V2 identifies 248 instances of configuration drift.",,,,,"Piscataway, NJ, USA: IEEE Press",,,,,IEEE Proceedings Order Plans (POP All) 1998-Present; ACM Digital Library Complete,,https://pesquisa.b-on.pt/permalink/351BON_INST/cbhhhe/cdi_ieee_primary_8952262
On the benefits and limits of incremental build of software configurations: an exploratory study,,"Randrianaina, Georges Aaron ; Tërnava, Xhevahire ; Khelladi, Djamel Eddine ; Acher, Mathieu",,"Proceedings of the 44th International Conference on Software Engineering, 2022, p.1584-1596",,,,,"Software projects use build systems to automate the compilation, testing, and continuous deployment of their software products. As software becomes increasingly configurable, the build of multiple configurations is a pressing need, but expensive and challenging to implement. The current state of practice is to build independently (a.k.a., clean build) a software for a subset of configurations. While incremental build has been studied for software evolution and relatively small changes of the source code, it has surprisingly not been considered for software configurations. In this exploratory study, we examine the benefits and limits of building software configurations incrementally, rather than always building them cleanly. By using five real-life configurable systems as subjects, we explore whether incremental build works, outperforms a sequence of clean builds, is correct w.r.t. clean build, and can be used to find an optimal ordering for building configurations. Our results show that incremental build is feasible in 100% of the times in four subjects and in 78% of the times in one subject. In average, 88.5% of the configurations could be built faster with incremental build while also finding several alternatives faster incremental builds. However, only 60% of faster incremental builds are correct. Still, when considering those correct incremental builds with clean builds, we could always find an optimal order that is faster than just a collection of clean builds with a gain up to 11.76%.",,,,,"New York, NY, USA: ACM",,,,,ACM Digital Library Complete,,https://pesquisa.b-on.pt/permalink/351BON_INST/cbhhhe/cdi_acm_books_10_1145_3510003_3510190_brief
Will it run?—A proof of concept for smoke testing decentralized data analytics experiments,,"Welten, Sascha ; Weber, Sven ; Holt, Adrian ; Beyan, Oya ; Decker, Stefan",,"Frontiers in medicine, 2024-01, Vol.10, p.1305415",,Algorithms ; Machine learning ; Medicine ; Privacy ; Software ; Web services,,,"The growing interest in data-driven medicine, in conjunction with the formation of initiatives such as the European Health Data Space (EHDS) has demonstrated the need for methodologies that are capable of facilitating privacy-preserving data analysis. Distributed Analytics (DA) as an enabler for privacy-preserving analysis across multiple data sources has shown its potential to support data-intensive research. However, the application of DA creates new challenges stemming from its distributed nature, such as identifying single points of failure (SPOFs) in DA tasks before their actual execution. Failing to detect such SPOFs can, for example, result in improper termination of the DA code, necessitating additional efforts from multiple stakeholders to resolve the malfunctions. Moreover, these malfunctions disrupt the seamless conduct of DA and entail several crucial consequences, including technical obstacles to resolve the issues, potential delays in research outcomes, and increased costs. In this study, we address this challenge by introducing a concept based on a method called Smoke Testing, an initial and foundational test run to ensure the operability of the analysis code. We review existing DA platforms and systematically extract six specific Smoke Testing criteria for DA applications. With these criteria in mind, we create an interactive environment called Development Environment for AuTomated and Holistic Smoke Testing of Analysis-Runs (DEATHSTAR), which allows researchers to perform Smoke Tests on their DA experiments. We conduct a user-study with 29 participants to assess our environment and additionally apply it to three real use cases. The results of our evaluation validate its effectiveness, revealing that 96.6% of the analyses created and (Smoke) tested by participants using our approach successfully terminated without any errors. Thus, by incorporating Smoke Testing as a fundamental method, our approach helps identify potential malfunctions early in the development process, ensuring smoother data-driven research within the scope of DA. Through its flexibility and adaptability to diverse real use cases, our solution enables more robust and efficient development of DA experiments, which contributes to their reliability.",,,,,Switzerland: Frontiers Media SA,,,,,ProQuest Central UK/Ireland; Publicly Available Content Database; PubMed Central Open Access; DOAJ Directory of Open Access Journals,,https://pesquisa.b-on.pt/permalink/351BON_INST/cbhhhe/cdi_pubmedcentral_primary_oai_pubmedcentral_nih_gov_10801058
The Impact of Code Ownership of DevOps Artefacts on the Outcome of DevOps CI Builds,,"Kola-Olawuyi, Ajiromola ; Weeraddana, Nimmi Rashinika ; Nagappan, Meiyappan",,"Proceedings (IEEE/ACM International Conference on Mining Software Repositories. Online), 2024, p.543-555",,"Associations, institutions, etc. ; Ciphers ; Refining",,,"DevOps is a key element in sustaining the quality and efficiency of software development. Yet, the effectiveness of DevOps methodologies extends beyond just technological expertise. It is greatly affected by the manner in which teams handle and engage with DevOps artefacts. Grasping the intricacies of code ownership and contribution patterns within DevOps artefacts is vital for refining strategies and ensuring they deliver their full potential.
There are two main strategies to manage DevOps artefacts as suggested in prior work: (1) all project developers need to contribute to DevOps artefacts, and (2) a dedicated group of developers needs to be authoring DevOps artefacts. To analyze which strategy works best for Open-Source Software (OSS) projects, we conduct an empirical analysis on a dataset of 892,193 CircleCI builds spanning 1,689 OSS projects. We employ a two-pronged approach to our study. First, we investigate the impact of chronological code ownership of DevOps artefacts on the outcome of a CI build on a build level. Second, we study the impact of the Skewness of DevOps contributions on the success rate of CI builds at the project level.
Our findings reveal that, in general, larger chronological ownership and higher Skewness values of DevOps contributions are related to more successful build outcomes and higher rates of successful build outcomes, respectively. We further find that projects with low Skewness values could have high build success rates when the number of developers in the project is relatively small. Thus, our results suggest that while larger software organizations are better off having dedicated DevOps developers, smaller organizations would benefit from having all developers involved in DevOps.",,,,,"New York, NY, USA: ACM",,,,,ACM Digital Library Complete,,https://pesquisa.b-on.pt/permalink/351BON_INST/cbhhhe/cdi_acm_books_10_1145_3643991_3644924
Learning DevOps,,"Verona, Joakim ; Duffy, Michael ; Swartout, Paul",,,,Computer software ; Development,,,"About This BookGet to know the background of DevOps so you understand the collaboration between different aspects of an IT organization and a software developerDeploy top-quality software and ensure software maintenance and release management with this practical guideThis course covers some of the most exciting technology available to DevOps engineers, and demonstrates multiple techniques for using themReal-world and realistic examples are provided to help you as you go about the implementation and adoption of continuous delivery and DevOpsWho This Book Is For This course is for developers who want to understand how the infrastructure that builds today's enterprises works, and how to painlessly and regularly ship quality software. What You Will LearnSet up and familiarize yourself with all the tools you need to be efficient with DevOpsDesign an application that is suitable for continuous deployment systems with DevOps in mindTest the code using automated regression testing with Jenkins SeleniumManaging the lifecycle of hosts, from creation to ongoing management using Puppet RazorFind out how to manage, use, and work with Code in the Git version management systemSee what traps, pitfalls, and hurdles to look out for as you implement continuous delivery and DevOpsIn Detail Harness the power of DevOps to boost your skill set and make your IT organization perform better. If you're keen to employ DevOps techniques to better your software development, this course contains all you need to overcome the day-to-day complications of managing complex infrastructures the DevOps way. Start with your first module - Practical DevOps - that encompasses the entire flow from code from testing to production. Get a solid ground-level knowledge of performing code testing, and make sure the code is running smoothly through a series of real-world exercise, and develop
practical skills by creating a sample enterprise Java application. In the second module, run through a series of tailored mini-tutorials designed to give you a complete understanding of every DevOps automation technique. Create real change in the way you deliver your projects by utilizing some of the most commendable software available today. In the final module, get to grips with the continuous delivery techniques that will help you reduce the time and effort that goes into the delivery and support of software.",,,,,"Birmingham: Packt Publishing, Limited",2016,1,713,,eBook Academic Collection - Worldwide,,https://pesquisa.b-on.pt/permalink/351BON_INST/cbhhhe/cdi_proquest_ebookcentral_EBC4696563
Examining Cryptography and Randomness Failures in Open-Source Cellular Cores,,"English, K. Virgil ; Bennett, Nathaniel ; Thorn, Seaver ; Butler, Kevin R. B. ; Enck, William ; Traynor, Patrick",,"Proceedings of the Fourteenth ACM Conference on Data and Application Security and Privacy, 2024, p.43-54",,,,,"Industry is increasingly adopting private 5G networks to securely manage their wireless devices in retail, manufacturing, natural resources, and healthcare. As with most technology sectors, open-source software is well poised to form the foundation of deployments, whether it is deployed directly or as part of well-maintained proprietary offerings. This paper seeks to examine the use of cryptography and secure randomness in open-source cellular cores. We design a set of 13 CodeQL static program analysis rules for cores written in both C/C++ and Go and apply them to 7 open-source cellular cores implementing 4G and 5G functionality. We identify two significant security vulnerabilities, including predictable generation of TMSIs and improper verification of TLS certificates, with each vulnerability affecting multiple cores. In identifying these flaws, we hope to correct implementations to fix downstream deployments and derivative proprietary projects.",,,,,"New York, NY, USA: ACM",,,,,ACM Digital Library Complete,,https://pesquisa.b-on.pt/permalink/351BON_INST/cbhhhe/cdi_acm_books_10_1145_3626232_3653259_brief
Continuous Integration for HPC with Github Actions and Tapis,,"Pachev, Benjamin ; Stuart, Georgia ; Dawson, Clint; Wernert, Julie ; Chalker, Alan ; Smallen, Shava ; Samuel, Tabitha ; Navarro, JP",,"Practice and Experience in Advanced Research Computing 2022: Revolutionary: Computing, Connections, You, 2022, p.1-4",,High performance computing,,,"Continuous integration and deployment (CICD) are fundamental to modern software development. While many platforms such as GitHub and Atlassian provide cloud solutions for CICD, these solutions don’t fully meet the unique needs of high performance computing (HPC) applications. These needs include, but are not limited to, testing distributed memory and scaling studies, both of which require an HPC environment. We propose a novel framework for running CICD workflows on supercomputing resources. Our framework directly integrates with GitHub Actions and leverages TACC’s Tapis API for communication with HPC resources. The framework is demonstrated for PYthon Ocean PArticle TRAcking (PYOPATRA), an HPC application for Lagrangian particle tracking.",,,,,"New York, NY, USA: ACM",,,,,ACM Digital Library Complete,,https://pesquisa.b-on.pt/permalink/351BON_INST/cbhhhe/cdi_acm_books_10_1145_3491418_3535124_brief
Minimizing privilege for building HPC containers,,"Priedhorsky, Reid ; Canon, R. Shane ; Randles, Timothy ; Younge, Andrew J.",,"Proceedings of the International Conference for High Performance Computing, Networking, Storage and Analysis, 2021, p.1-14",,Classification ; Computer architecture ; Containers ; High performance computing ; Productivity ; Supercomputers,,,"HPC centers face increasing demand for software flexibility, and there is growing consensus that Linux containers are a promising solution. However, existing container build solutions require root privileges and cannot be used directly on HPC resources. This limitation is compounded as supercomputer diversity expands and HPC architectures become more dissimilar from commodity computing resources. Our analysis suggests this problem can best be solved with low-privilege containers. We detail relevant Linux kernel features, propose a new taxonomy of container privilege, and compare two open-source implementations: mostly-unprivileged rootless Podman and fully-unprivileged Charliecloud. We demonstrate that low-privilege container build on HPC resources works now and will continue to improve, giving normal users a better workflow to securely and correctly build containers. Minimizing privilege in this way can improve HPC user and developer productivity as well as reduce support workload for exascale applications.",,,,,"New York, NY, USA: ACM",,,,,IEEE Proceedings Order Plans (POP All) 1998-Present; ACM Digital Library Complete,,https://pesquisa.b-on.pt/permalink/351BON_INST/cbhhhe/cdi_ieee_primary_9910066
ATTEST: Automated and Thorough Testing of Embedded Software in Teaching,,"Kissich, Meinhard ; Weinbauer, Klaus ; Baunach, Marcel; Mottok, Jürgen",,"Proceedings of the 5th European Conference on Software Engineering Education, 2023, p.199-203",,,,,"Dependability requirements are getting increasingly stringent in embedded systems, demanding highly skilled developers. One crucial point in building up expertise is getting precise feedback in programming courses at university to recognize flaws and learn from mistakes. Depending on the assignment and learning outcome, the assessment may include testing for the implementation’s completeness, correctness, performance, and robustness. A timely and in-depth review for a large number of course participants relies on test automation. However, embedded software often includes hardware-dependent code that can only be executed on the target device. Thus, we provide an open-source and remote hardware-in-the-loop testing solution with pre-defined test cases for embedded software particularly designed for teaching in university courses. This paper defines and elaborates on the requirements, gives an insight into design decisions, and evaluates the test system on metrics of our Real-Time Operating Systems course.",,,,,"New York, NY, USA: ACM",,,,,ACM Digital Library Complete,,https://pesquisa.b-on.pt/permalink/351BON_INST/cbhhhe/cdi_acm_books_10_1145_3593663_3593678
