Title,Vernacular Title,Creator,Contributor,Is Part Of,Dissertation,Subject,MESH subjects,Genre,Description,Contents,Other title,Related titles,Series,Publisher,Creation Date,Edition,Format,Frequency,Source,Bound with,permalink
An empirical study on self-admitted technical debt in Dockerfiles,,"Azuma, Hideaki ; Matsumoto, Shinsuke ; Kamei, Yasutaka ; Kusumoto, Shinji",,"Empirical software engineering : an international journal, 2022-03, Vol.27 (2), Article 49",,Algorithms ; Classification ; Computer science ; Computer software ; Containers ; Information science ; Open source software ; Public domain ; Software engineering ; Translators,,,"In software development, ad hoc solutions that are intentionally implemented by developers are called self-admitted technical debt (SATD). Because the existence of SATD spreads poor implementations, it is necessary to remove it as soon as possible. Meanwhile, container virtualization has been attracting attention in recent years as a technology to support infrastructure such as servers. Currently, Docker is the de facto standard for container virtualization. In Docker, a file describing how to build a container (Dockerfile) is a set of procedural instructions; thus, it can be considered as a kind of source code. Moreover, because Docker is a relatively new technology, there are few developers who have accumulated good or bad practices for building Docker container. Hence, it is likely that Dockerfiles contain many SATDs, as is the case with general programming language source code analyzed in previous SATD studies. The goal of this paper is to categorize SATDs in Dockerfiles and to share knowledge with developers and researchers. To achieve this goal, we conducted a manual classification for SATDs in Dockerfile. We found that about 3.0% of the comments in Dockerfile are SATD. In addition, we have classified SATDs into five classes and eleven subclasses. Among them, there are some SATDs specific to Docker, such as SATDs for version fixing and for integrity check. The three most common classes of SATD were related to lowering maintainability, testing, and defects.",,,,,New York: Springer US,,,,,SpringerLink Journals - AutoHoldings; ProQuest Central,,https://pesquisa.b-on.pt/permalink/351BON_INST/cbhhhe/cdi_springer_journals_10_1007_s10664_021_10081_7
Fixing Dockerfile smells: an empirical study,,"Rosa, Giovanni ; Zappone, Federico ; Scalabrino, Simone ; Oliveto, Rocco",,"Empirical software engineering : an international journal, 2024-09, Vol.29 (5), p.108, Article 108",,Attention ; Automation ; Computer science ; Computer software ; Containerization ; Practice Guidelines as Topic ; Smell ; Software engineering ; Translators,,,"Docker is the
de facto
standard for software containerization. A Dockerfile contains the requirements to build a Docker image containing a target application. There are several best practice rules for writing Dockerfiles, but the developers do not always follow them. Violations of such practices, known as Dockerfile smells, can negatively impact the reliability and performance of Docker images. Previous studies showed that Dockerfile smells are widely diffused, and there is a lack of automatic tools that support developers in fixing them. However, it is still unclear what Dockerfile smells get fixed by developers and to what extent developers would be willing to fix smells in the first place. The aim of our study is twofold. First, we want to understand what Dockerfiles smells receive more attention from developers, i.e., are fixed more frequently in the history of open-source projects. Second, we want to check if developers are willing to accept changes aimed at fixing Dockerfile smells (e.g., generated by an automated tool), to understand if they care about them. We evaluated the survivability of Dockerfile smells from a total of 53,456 unique Dockerfiles, where we manually validated a large sample of smell-removing commits to understand (i) if developers performed the change with the intention of removing bad practices, and (ii) if they were aware of the removed smell. In the second part, we used a rule-based tool to automatically fix Dockerfile smells. Then, we proposed such fixes to developers via pull requests. Finally, we quantitatively and qualitatively evaluated the outcome after a monitoring period of more than 7 months. The results of our study showed that most developers pay more attention to changes aimed at improving the performance of Dockerfiles (image size and build time). Moreover, they are willing to accept the fixes for the most common smells, with some exceptions (e.g., missing version pinning for OS packages).",,,,,New York: Springer US,,,,,SpringerLink Journals - AutoHoldings; ProQuest Central,,https://pesquisa.b-on.pt/permalink/351BON_INST/cbhhhe/cdi_proquest_journals_3076312911
Refactorings and technical debt in docker projects: an empirical study,,"Ksontini, Emna ; Kessentini, Marouane ; Ferreira, Thiago do N. ; Hassan, Foyzul",,"IEEE/ACM International Conference on Automated Software Engineering : [proceedings], 2021, p.781-791",,Ciphers ; Classification ; Containers ; Industries ; Maintenance ; Marketing research ; Open source software,,,"Software containers, such as Docker, are recently considered as the mainstream technology of providing reusable software artifacts. Developers can easily build and deploy their applications based on the large number of reusable Docker images that are publicly available. Thus, a current popular trend in industry is to move towards the containerization of their applications. However, container-based projects compromise different components including the Docker and Docker-compose files, and several other dependencies to the source code combining different containers and facilitating the interactions with them. Similar to any other complex systems, container-based projects are prone to various quality and technical debt issues related to different artifacts: Docker and Docker-compose files, and regular source code ones. Unfortunately, there is a gap of knowledge in how container-based projects actually evolve and are maintained.
In this paper, we address the above gap by studying refactorings, i.e., structural changes while preserving the behavior, applied in open-source Docker projects, and the technical debt issues they alleviate. We analyzed 68 projects, consisting of 19,5 MLOC, along with 193 manually examined commits. The results indicate that developers refactor these Docker projects for a variety of reasons that are specific to the configuration, combination and execution of containers, leading to several new technical debt categories and refactoring types compared to existing refactoring domains. For instance, refactorings for reducing the image size of Dockerfiles, improving the extensibility of Docker-compose files, and regular source code refactorings are mainly associated with the evolution of Docker and Docker-compose files. We also introduced 24 new Docker-specific refactorings and technical debt categories, respectively, and defined different best practices. The implications of this study will assist practitioners, tool builders, and educators in improving the quality of Docker projects.",,,,,"Piscataway, NJ, USA: IEEE Press",,,,,IEEE Proceedings Order Plans (POP All) 1998-Present; ACM Digital Library Complete,,https://pesquisa.b-on.pt/permalink/351BON_INST/cbhhhe/cdi_acm_books_10_1109_ASE51524_2021_9678585_brief
Understanding Self-Admitted Technical Debt in Test Code: An Empirical Study,,"Nakamura, Ibuki ; Kashiwa, Yutaro ; Lin, Bin ; Iida, Hajimu",,"ACM transactions on software engineering and methodology, 2026-01",,,,,"Developers often opt for easier but non-optimal implementation to meet deadlines or create rapid prototypes, leading to additional effort known as technical debt to improve the code later. Oftentimes, developers explicitly document the technical debt in code comments, referred to as Self-Admitted Technical Debt (SATD). Numerous researchers have investigated the impact of SATD on different aspects of software quality and development processes. However, most of these studies focus on SATD in production code, often overlooking SATD in the test code or assuming that it shares similar characteristics with SATD in production code. In fact, a significant amount of SATD is also present in the test code, with many instances not fitting into existing categories for the production code. This study aims to fill this gap and disclose the nature of SATD in the test code by examining its distribution and types. Moreover, the relation between its presence and test quality is also analyzed. Our empirical study, involving 17,766 SATD comments (14,987 from production code, 2,779 from test code) collected from 50 repositories, demonstrates that while SATD widely exists in test code, it is not directly associated with test smells. Our study also presents comprehensive categories of SATD types in the test code, and machine learning models are developed to automatically classify SATD comments based on their types for easier management. Our results show that the CodeBERT-based model outperforms other machine learning models in terms of recall and F1-score. However, the performance varies on different types of SATD.",,,,,,,,,,ACM Digital Library Complete,,https://pesquisa.b-on.pt/permalink/351BON_INST/cbhhhe/cdi_crossref_primary_10_1145_3786791
Characterizing the Occurrence of Dockerfile Smells in Open-Source Software: An Empirical Study,,"Wu, Yiwen ; Zhang, Yang ; Wang, Tao ; Wang, Huaimin",,"IEEE access, 2020, Vol.8, p.34127-34139",,Buildings ; Containers ; Open source software ; Practice Guidelines as Topic ; Public domain ; Regression analysis,,,"Dockerfile plays an important role in the Docker-based software development process, but many Dockerfile codes are infected with smells in practice. Understanding the occurrence of Dockerfile smells in open-source software can benefit the practice of Dockerfile and enhance project maintenance. In this paper, we perform an empirical study on a large dataset of 6,334 projects to help developers gain some insights into the occurrence of Dockerfile smells, including its coverage, distribution, co-occurrence, and correlation with project characteristics. Our results show that smells are very common in Dockerfile codes and there exists co-occurrence between different types of Dockerfile smells. Further, using linear regression analysis, when controlled for various variables, we statistically identify and quantify the relationships between Dockerfile smells occurrence and project characteristics. We also provide a rich resource of implications for software practitioners.",,,,,Piscataway: IEEE,,,,,IEEE Xplore Open Access Journals; DOAJ Directory of Open Access Journals,,https://pesquisa.b-on.pt/permalink/351BON_INST/cbhhhe/cdi_doaj_primary_oai_doaj_org_article_ccd0208764af4345a45acc8a4ee02420
An Empirical Case Study on the Temporary File Smell in Dockerfiles,,"Lu, Zhigang ; Xu, Jiwei ; Wu, Yuewen ; Wang, Tao ; Huang, Tao",,"IEEE access, 2019, Vol.7, p.63650-63659",,Buildings ; Case studies ; Containers ; Data centers ; Implements ; Practice Guidelines as Topic ; Semantics (Philosophy) ; Smell,,,"Docker is widely used in data centers to host services. The docker image adopts a hierarchical storage architecture, which means that the docker image is composed of a set of filesystem layers. In the image building process, only the top layer is read-write, while the bottom layers are all read-only. However, temporary files are often used in the image building process. Nevertheless, if a temporary file is imported and removed in different layers by a careless developer, it will lead a file redundancy. We termed this problem ""temporary file smell."" This smell leads to larger-size images, which seriously restricts the efficiency of image distribution and thus affects the scaling ability of services in facing of sudden high load. To address this problem, we make an empirical case study to the real-world Dockerfiles on DockerHub. Based on the case study, we summarize four different smell patterns and propose a state-depend static analysis method to detect this kind of smells. We also provide three feasible fixing methods as selective options to eliminate the temporary file smell.",,,,,Piscataway: IEEE,,,,,IEEE Xplore Open Access Journals; DOAJ Directory of Open Access Journals,,https://pesquisa.b-on.pt/permalink/351BON_INST/cbhhhe/cdi_ieee_primary_8667832
Quantifying and characterizing clones of self-admitted technical debt in build systems,,"Xiao, Tao ; Zeng, Zhili ; Wang, Dong ; Hata, Hideaki ; McIntosh, Shane ; Matsumoto, Kenichi",,"Empirical software engineering : an international journal, 2024-03, Vol.29 (2), p.54, Article 54",,Authorship ; Automation ; Cloning ; Computer science ; Computer software ; Libraries ; Software engineering ; Translators,,,"Self-Admitted Technical Debt (SATD) annotates development decisions that intentionally exchange long-term software artifact quality for short-term goals. Recent work explores the existence of SATD clones (duplicate or near duplicate SATD comments) in source code. Cloning of SATD in build systems (e.g., CMake and Maven) may propagate suboptimal design choices, threatening qualities of the build system that stakeholders rely upon (e.g., maintainability, reliability, repeatability). Hence, we conduct a large-scale study on 50,608 SATD comments extracted from Autotools, CMake, Maven, and Ant build systems to investigate the prevalence of SATD clones and to characterize their incidences. We observe that: (i) prior work suggests that 41–65% of SATD comments in source code are clones, but in our studied build system context, the rates range from 62% to 95%, suggesting that SATD clones are a more prevalent phenomenon in build systems than in source code; (ii) statements surrounding SATD clones are highly similar, with 76% of occurrences having similarity scores greater than 0.8; (iii) a quarter of SATD clones are introduced by the author of the original SATD statements; and (iv) among the most commonly cloned SATD comments, external factors (e.g., platform and tool configuration) are the most frequent locations, limitations in tools and libraries are the most frequent causes, and developers often copy SATD comments that describe issues to be fixed later. Our work presents the first step toward systematically understanding SATD clones in build systems and opens up avenues for future work, such as distinguishing different SATD clone behavior, as well as designing an automated recommendation system for repaying SATD effectively based on resolved clones.",,,,,New York: Springer US,,,,,SpringerLink Journals - AutoHoldings; ProQuest Central,,https://pesquisa.b-on.pt/permalink/351BON_INST/cbhhhe/cdi_crossref_citationtrail_10_1007_s10664_024_10449_5
Not all Dockerfile Smells are the Same: An Empirical Evaluation of Hadolint Writing Practices by Experts,,"Rosa, Giovanni ; Scalabrino, Simone ; Robles, Gregorio ; Oliveto, Rocco",,"Proceedings (IEEE/ACM International Conference on Mining Software Repositories. Online), 2024, p.231-241",,Data mining ; History ; Software ; Surveys ; Writing ; Written communication,,,"Dockerfiles can be affected by bad design choices, known as Dockerfile smells. Hadolint is currently the reference tool able to detect them, and it is widely used both by researchers and practitioners. The literature shows that these smells are commonly diffused in Dockerfiles, but it is still not clear how developers perceive them as bad practices. This paper aims to investigate the relevance of the Dockerfile smells captured by hadolint from the perspective of expert Dockerfile developers. We first perform a mining study in which we extract the change history of Dockerfiles maintained by experts to understand what smells have been more frequently introduced in their history. Next, we ran a survey in which we asked expert Dockerfile developers to evaluate Dockerfiles affected by different smells. We obtained 94 responses for 17 smells, representative of 24 Dockerfile smells. We found that experts prioritize a small part of the evaluated smells over others. Besides, they report additional bad practices not mapped as smells in any existing catalog. Thus, we propose a ranked catalog containing 26 additional Dockerfile smells, which can be used as a guide for novices to understand which aspects to focus on to write good-quality Dockerfiles.",,,,,"New York, NY, USA: ACM",,,,,ACM Digital Library Complete,,https://pesquisa.b-on.pt/permalink/351BON_INST/cbhhhe/cdi_acm_books_10_1145_3643991_3644905_brief
An Empirical Case Study on the Temporary File Smell in Docker files,,"Lu, Zhigang ; Xu, Jiwei ; Wu, Yuewen ; Wang, Tao ; Huang, Tao",,"IEEE access, 2019, Vol.7, p.63650-63659",,,,,,,,,,,,,,,IEEE Xplore Open Access Journals; DOAJ Directory of Open Access Journals,,https://pesquisa.b-on.pt/permalink/351BON_INST/cbhhhe/cdi_crossref_citationtrail_10_1109_ACCESS_2019_2905424
Repairing Docker Smells with Large Language Models: An Empirical Study,,"Zhang, Chenhui ; Wang, Haiyan ; Zhu, Junyi ; Gu, Zhaoquan ; Wang, Le",,"Applied sciences, 2026-07, Vol.16 (13), p.6805",,Automation ; Mathematical optimization ; Practice Guidelines as Topic ; Smell ; Software ; Software maintenance,,,"Docker simplifies application deployment, yet improperly written Dockerfiles often lead to suboptimal images with security and efficiency issues, termed “Docker smell”. Existing approaches for the identification and repair of Docker smells predominantly rely on expert-defined static rules, which exhibit notable limitations when addressing structurally complex or infrequent smells. This paper proposes a novel Detect–Guide–Repair (DGR) framework, which integrates rule-based smell detection with a context-aware repair mechanism driven by large language models (LLMs), enabling a more flexible and intelligent automated repair process. We systematically evaluated DGR on 417 real Dockerfiles from prominent GitHub projects. Experimental results show that DGR reduces the number of smells to 44.68% of the original while maintaining a build success rate of 89.20%, demonstrating significant improvements in both repair effectiveness and usability. Furthermore, we present three practical enhancement pathways: (1) a hybrid strategy combining rules and DGR to improve repair effectiveness further; (2) an automated error-correction mechanism to restore buildability; and (3) task-specific model fine-tuning to enable efficient deployment of smaller models. Collectively, these approaches provide a promising empirical foundation for automated Docker smell repair.",,,,,Basel: MDPI AG,,,,,Publicly Available Content Database; ProQuest Central; DOAJ Directory of Open Access Journals,,https://pesquisa.b-on.pt/permalink/351BON_INST/cbhhhe/cdi_crossref_primary_10_3390_app16136805
DockerCleaner: Automatic Repair of Security Smells in Dockerfiles,,"Bui, Quang-Cuong ; Laukotter, Malte ; Scandariato, Riccardo",,"Proceedings - Conference on Software Maintenance (1987), 2023, p.160-170",,Containers ; Software maintenance ; Writing ; Written communication,,,"Docker is a widely adopted platform that enables developers to create lightweight and isolated containers for deploying applications. These containers can be replicated from a single blueprint specified by a text file known as a Dockefile. The Dockerfile smells might not only hinder the performance of containers but also potentially introduce security risks. State-of-the-art scanning tools, such as Hadolint and KICS, are available to efficiently detect Dockerfile smells. Still, there is a lack of approaches focusing on resolving these issues. Therefore, we present DockerCleaner, an automated repair tool that suggests fixes for eleven Dockerfile security smell types. Our tool employs the repair actions inspired by the best security practices for writing Dockerfiles. The evaluation results show that DockerCleaner can remove the artificially injected security smells from 92.67% of the Dockerfiles and guarantee the buildability for 99.33% of them. Specifically for security smells in real Dockerfiles, DockerCleaner outperforms the state-of-the-art repair tool by a wide margin. Finally, we leveraged the fixes generated by DockerCleaner to propose improvements to twelve official Docker images. Eight pull requests have been accepted and merged by the developers.",,,,,IEEE,,,,,IEEE Proceedings Order Plans (POP All) 1998-Present,,https://pesquisa.b-on.pt/permalink/351BON_INST/cbhhhe/cdi_ieee_primary_10336292
Mining and measuring the impact of change patterns for improving the size and build time of docker images,,"Rosa, Giovanni ; Guglielmi, Emanuela ; Iannone, Mattia ; Scalabrino, Simone ; Oliveto, Rocco",,"Empirical software engineering : an international journal, 2025-09, Vol.30 (5), p.150, Article 150",,Classification ; Computer science ; Practice Guidelines as Topic ; Software ; Translators,,,"Software containerization, for which Docker is the reference tool, is widely adopted in modern software engineering. The performance of the Docker build process in terms of image size and build time is crucial to developers. While previous work and Docker itself provide best practices to keep the images small and fast to build, we conjecture that developers might adopt undocumented practices. In this paper, we present an empirical study in which we aim (i) to mine the practices adopted by developers for improving the image size and build time, and (ii) to measure the impact of such practices. As for the mining study, we manually analyzed a total of 1,026 commits from open-source projects in which developers declared they wanted to improve the image size or build time. We categorize such changes and define a taxonomy of 46 optimization strategies, including practices such as removing temporary files (
e.g.,
package manager cache) or improving the structure of the Dockerfile (
e.g.,
using multi-stage build). Such a taxonomy reveals some previously undocumented techniques, providing valuable insights for developers. As for the measurement study, we empirically assess the actual improvement in image size and build time (over 20 builds) of the most frequent change patterns observed in the mining study. Our results show that
changing the base image
has the best results in terms of image size, but it negatively affects the build time. On the other hand, we observed no change pattern that significantly reduces the build time. Our study provides interesting insights for both tool makers who want to support practitioners in improving Dockerfile build performance and practitioners themselves, who can better decide how to optimize their Dockerfiles.",,,,,New York: Springer US,,,,,SpringerLink Journals - AutoHoldings,,https://pesquisa.b-on.pt/permalink/351BON_INST/cbhhhe/cdi_crossref_primary_10_1007_s10664_025_10680_8
Empirical Study of the Docker Smells Impact on the Image Size,,"Durieux, Thomas",,"Proceedings / International Conference on Software Engineering, 2024, p.1-12",,Biotic communities ; Computer software ; Packaging ; Practice Guidelines as Topic ; Software engineering,,,"Docker, a widely adopted tool for packaging and deploying applications leverages Dockerfiles to build images. However, creating an optimal Dockerfile can be challenging, often leading to ""Docker smells"" or deviations from best practices. This paper presents a study of the impact of 14 Docker smells on the size of Docker images.
To assess the size impact of Docker smells, we identified and repaired 16 145 Docker smells from 11 313 open-source Dockerfiles. We observe that the smells result in an average increase of 48.06MB (4.6 %) per smelly image. Depending on the smell type, the size increase can be up to 10 %, and for some specific cases, the smells can represent 89 % of the image size. Interestingly, the most impactful smells are related to package managers which are commonly encountered and are relatively easy to fix.
To collect the perspective of the developers regarding the size impact of the Docker smells, we submitted 34 pull requests that repair the smells and we reported their impact on the Docker image to the developers. 26/34 (76.5 %) of the pull requests have been merged and they contribute to a saving of 3.46 GB (16.4 %). The developer's comments demonstrate a positive interest in addressing those Docker smells even when the pull requests have been rejected.",,,,,"New York, NY, USA: ACM",,,,,IEEE Xplore Open Access Journals; IEEE Proceedings Order Plans (POP All) 1998-Present; ACM Digital Library Complete,,https://pesquisa.b-on.pt/permalink/351BON_INST/cbhhhe/cdi_acm_books_10_1145_3597503_3639143_brief
Towards microservice smells detection,,"Pigazzini, Ilaria ; Fontana, Francesca Arcelli ; Lenarduzzi, Valentina ; Taibi, Davide",,"Proceedings of the 3rd International Conference on Technical Debt, 2020, p.92-97",,,,,"With the adoption of microservices architectural styles, practitioners started noticing increasing pitfalls in managing and maintaining such architectures, with the risk of introducing architectural debt. Previous studies identified different microservice smells (also named anti-patterns) that harm microservices architectures. However, according to our knowledge, there are no tools that can automatically detect microservice smells, so their identification is left to the experience of the developer. In this paper, we extend an existing tool developed for the detection of architectural smells to explore microservices architecture through the detection of three microservice smells: Cyclic Dependencies, Hard-Coded Endpoints, and Shared Persistence. We detected the smells on five open-source projects implemented with microservices and manually validated the precision of the detection results. This work aims to open new perspectives on facing and studying architectural debt in the field of microservices architectures.",,,,,"New York, NY, USA: ACM",,,,,ACM Digital Library Complete,,https://pesquisa.b-on.pt/permalink/351BON_INST/cbhhhe/cdi_acm_books_10_1145_3387906_3388625_brief
DRIVE: Dockerfile Rule Mining and Violation Detection,,"Zhou, Yu ; Zhan, Weilin ; Li, Zi ; Han, Tingting ; Chen, Taolue ; Gall, Harald",,"ACM transactions on software engineering and methodology, 2023-12, Vol.33 (2), p.1-23, Article 30",,,,,"A Dockerfile defines a set of instructions to build Docker images, which can then be instantiated to support containerized applications. Recent studies have revealed a considerable amount of quality issues with Dockerfiles. In this article, we propose a novel approach, Dockerfiles Rule mIning and Violation dEtection (DRIVE), to mine implicit rules and detect potential violations of such rules in Dockerfiles. DRIVE first parses Dockerfiles and transforms them to an intermediate representation. It then leverages an efficient sequential pattern mining algorithm to extract potential patterns. With heuristic-based reduction and moderate human intervention, potential rules are identified, which can then be utilized to detect potential violations of Dockerfiles. DRIVE identifies 34 semantic rules and 19 syntactic rules including 9 new semantic rules that have not been reported elsewhere. Extensive experiments on real-world Dockerfiles demonstrate the efficacy of our approach.",,,,,"New York, NY: ACM",,,,,ACM Digital Library Complete,,https://pesquisa.b-on.pt/permalink/351BON_INST/cbhhhe/cdi_crossref_primary_10_1145_3617173
Automating Dockerfile Refactoring to Multi-stage Builds,,"Chen, Dongjin ; Yang, Wenhua ; Pan, Minxue ; Zhou, Yu",,"Proceedings of the ACM on software engineering, 2026-06, Vol.3 (FSE), p.1560-1581, Article FSE070",,,,,"Containerization has become a cornerstone of modern software deployment, yet many projects still ship single-stage Dockerfiles that bundle compilers, build tools, and temporary files into production images, thereby hurting performance and security. Multi-stage builds are recommended, yet uptake appears uneven, plausibly because refactoring legacy Dockerfiles demands nontrivial reasoning about build lifecycles and dependency separation. This paper presents StageCraft, an automated refactoring approach that converts single-stage Dockerfiles into optimized multi-stage builds. StageCraft first performs static analysis to identify the technology stack and to infer build-time and runtime dependencies. It then applies a lightweight gate that estimates the refactoring benefit from a composite of image bloat, structural inefficiency, and security risk, proceeding only when refactoring is warranted. Finally, it synthesizes a multi-stage Dockerfile that isolates build tooling, copies only the artifacts needed at runtime, and applies production hardening. Evaluated on 521 real-world single-stage projects, StageCraft successfully produced working multi-stage Dockerfiles for 60.3% of targets. The resulting images were, on average, 52.2% smaller and contained 50.0% fewer high-risk vulnerabilities than the originals, outperforming baselines. StageCraft lowers the barrier to multi-stage adoption at scale, yielding leaner images with a reduced attack surface and improved maintainability. We release the tool, its knowledge assets, and the evaluation dataset to support reproducibility and future research.",,,,,"New York, NY, USA: ACM",,,,,ACM Digital Library Complete,,https://pesquisa.b-on.pt/permalink/351BON_INST/cbhhhe/cdi_acm_primary_3797098
Dockerfile Flakiness: Characterization and Repair,,"Shabani, Taha ; Nashid, Noor ; Alian, Parsa ; Mesbah, Ali",,"Proceedings / International Conference on Software Engineering, 2025, p.1793-1805",,Classification ; Computer software ; Reliability ; Software engineering,,,"Dockerfile flakiness—unpredictable temporal build failures caused by external dependencies and evolving environments—undermines deployment reliability and increases debugging overhead. Unlike traditional Dockerfile issues, flakiness occurs without modifications to the Dockerfile itself, complicating its resolution. In this work, we present the first comprehensive study of Dockerfile flakiness, featuring a nine-month analysis of 8,132 Dockerized projects, revealing that around 10% exhibit flaky behavior. We propose a taxonomy categorizing common flakiness causes, including dependency errors and server connectivity issues. Existing tools fail to effectively address these challenges due to their reliance on pre-defined rules and limited generalizability. To overcome these limitations, we introduce FlakiDock, a novel repair framework combining static and dynamic analysis, similarity retrieval, and an iterative feedback loop powered by Large Language Models (LLMs). Our evaluation demonstrates that FlakiDock achieves a repair accuracy of 73.55%, significantly surpassing state-of-the-art tools and baselines.",,,,,"Piscataway, NJ, USA: IEEE Press",,,,,IEEE Proceedings Order Plans (POP All) 1998-Present; ACM Digital Library Complete,,https://pesquisa.b-on.pt/permalink/351BON_INST/cbhhhe/cdi_ieee_primary_11029932
Shipwright: A Human-in-the-Loop System for Dockerfile Repair,,"Henkel, Jordan ; Silva, Denini ; Teixeira, Leopoldo ; d'Amorim, Marcelo ; Reps, Thomas",,"Proceedings / International Conference on Software Engineering, 2021, p.1148-1160",,Bit error rate ; Computer software ; Implements ; Software engineering,,,"Docker is a tool for lightweight OS-level virtualization. Docker images are created by performing a build, controlled by a source-level artifact called a Dockerfile. We studied Dockerfiles on GitHub, and---to our great surprise--- found that over a quarter of the examined Dockerfiles failed to build (and thus to produce images). To address this problem, we propose Shipwright, a human-in-the-loop system for finding repairs to broken Dockerfiles. Shipwright uses a modified version of the BERT language model to embed build logs and to cluster broken Dockerfiles. Using these clusters and a search-based procedure, we were able to design 13 rules for making automated repairs to Dockerfiles. With the aid of Shipwright, we submitted 45 pull requests (with a 42.2% acceptance rate) to GitHub projects with broken Dockerfiles. Furthermore, in a ""time-travel"" analysis of broken Dockerfiles that were later fixed, we found that Shipwright proposed repairs that were equivalent to human-authored patches in 22.77% of the cases we studied. Finally, we compared our work with recent, state-of-the-art, static Dockerfile analyses, and found that, while static tools detected possible build-failure-inducing issues in 20.6-33.8% of the files we examined, Shipwright was able to detect possible issues in 73.25% of the files and, additionally, provide automated repairs for 18.9% of the files.",,,,,"Piscataway, NJ, USA: IEEE Press",,,,,IEEE Proceedings Order Plans (POP All) 1998-Present; ACM Digital Library Complete,,https://pesquisa.b-on.pt/permalink/351BON_INST/cbhhhe/cdi_ieee_primary_9402069
KubeHound: Detecting Microservices’ Security Smells in Kubernetes Deployments,,"Dell’Immagine, Giorgio ; Soldani, Jacopo ; Brogi, Antonio",,"Future internet, 2023-07, Vol.15 (7), p.228",,Access control ; Confidential communications ; Internet,,,"As microservice-based architectures are increasingly adopted, microservices security has become a crucial aspect to consider for IT businesses. Starting from a set of “security smells” for microservice applications that were recently proposed in the literature, we enable the automatic detection of such smells in microservice applications deployed with Kubernetes. We first introduce possible analysis techniques to automatically detect security smells in Kubernetes-deployed microservices. We then demonstrate the practical applicability of the proposed techniques by introducing KubeHound, an extensible prototype tool for automatically detecting security smells in microservice applications, and which already features a selected subset of the discussed analyses. We finally show that KubeHound can effectively detect instances of security smells in microservice applications by means of controlled experiments and by applying it to existing, third-party applications.",,,,,Basel: MDPI AG,,,,,Academic Search Complete; Academic Search Ultimate [EBSCO]; Publicly Available Content Database; ProQuest One Business; ProQuest Central; DOAJ Directory of Open Access Journals,,https://pesquisa.b-on.pt/permalink/351BON_INST/cbhhhe/cdi_crossref_primary_10_3390_fi15070228
Polyglot Code Smell Detection for Infrastructure as Code with GLITCH,,"Saavedra, Nuno ; Goncalves, Joao ; Henriques, Miguel ; Ferreira, Joao F. ; Mendes, Alexandra",,"IEEE/ACM International Conference on Automated Software Engineering : [proceedings], 2023, p.2042-2045",,Ciphers ; Computer software ; Detectors ; Software engineering ; Software measurement ; Writing ; Written communication,,,"This paper presents GLITCH, a new technology-agnostic framework that enables automated polyglot code smell detection for Infrastructure as Code scripts. GLITCH uses an intermediate representation on which different code smell detectors can be defined. It currently supports the detection of nine security smells and nine design & implementation smells in scripts written in Ansible, Chef, Docker, Puppet, or Terraform. Studies conducted with GLITCH not only show that GLITCH can reduce the effort of writing code smell analyses for multiple IaC technologies, but also that it has higher precision and recall than current state-of-the-art tools. A video describing and demonstrating GLITCH is available at: https://youtu.be/E4RhCcZjWbk.",,,,,IEEE,,,,,IEEE Proceedings Order Plans (POP All) 1998-Present,,https://pesquisa.b-on.pt/permalink/351BON_INST/cbhhhe/cdi_ieee_primary_10298400
RUDSEA: recommending updates of Dockerfiles via software environment analysis,,"Hassan, Foyzul ; Rodriguez, Rodney ; Wang, Xiaoyin",,"2018 33rd IEEE/ACM International Conference on Automated Software Engineering (ASE), 2018, p.796-801",,Ciphers ; Computer software ; Software ; Software engineering,,,"Dockerfiles are configuration files of docker images which package all dependencies of a software to enable convenient software deployment and porting. In other words, dockerfiles list all environment assumptions of a software application's build and / or execution, so they need to be frequently updated when the environment assumptions change during fast software evolution. In this paper, we propose RUDSEA, a novel approach to recommend updates of dockerfiles to developers based on analyzing changes on software environment assumptions and their impacts. Our evaluation on 1,199 real-world instruction updates shows that RUDSEA can recommend correct update locations for 78.5% of the updates, and correct code changes for 44.1% of the updates.",,,,,"New York, NY, USA: ACM",,,,,IEEE Proceedings Order Plans (POP All) 1998-Present; ACM Digital Library Complete,,https://pesquisa.b-on.pt/permalink/351BON_INST/cbhhhe/cdi_ieee_primary_9000007
Automated detection of algorithm debt in deep learning frameworks: an empirical study,,"Simon, Emmanuel Iko-Ojo ; Hettiarachchi, Chirath ; Potanin, Alex ; Suominen, Hanna ; Fard, Fatemeh",,"Empirical software engineering : an international journal, 2026-05, Vol.31 (3), p.66, Article 66",,Algorithms ; Automation ; Computer science ; Machine learning ; Software ; Support vector machines ; Translators,,,"Expedient design choices in software development can lead to Technical Debt (TD), with development teams documenting such decisions as Self-Admitted TD (SATD). Algorithm Debt (AD) is a type of TD resulting from the suboptimal implementation of algorithms, which impacts system performance. Given the impact of AD, its automated detection is crucial in Deep Learning (DL) frameworks due to their complexity and evolution. Early detection of AD in DL frameworks can help mitigate model degradation and scalability issues. Despite previous studies on the automated detection of TD from SATD using Machine Learning (ML)/DL models, research on AD detection in DL frameworks remains underexplored. In this study, we empirically investigated the performance of ML/DL models for the automated detection of AD using a dataset of 38, 881 SATD comments from seven DL frameworks. We trained, evaluated, and tested ML/DL models, used embeddings from both DL and large language models, and explored an approach to enrich the dataset with handcrafted features based on AD-related keywords. Our findings reveal that AD is frequently misclassified as Design or Implementation Debt. Logistic Regression (an ML model) with Custom AD Features, achieved an F1-score of 54% for AD, outperforming other ML/DL models (42% to 52%), highlighting the importance of tailored feature engineering. Our research advances automated AD detection in DL frameworks by providing insights into the strengths and limitations of ML/DL models, serving as a first step to guide future tool development. This could help developers using DL frameworks to identify AD issues during development, thereby enhancing system reliability by mitigating model degradation and scalability challenges.",,,,,New York: Springer US,,,,,SpringerLink Journals - AutoHoldings,,https://pesquisa.b-on.pt/permalink/351BON_INST/cbhhhe/cdi_springer_journals_10_1007_s10664_026_10807_5
Shipwright: A Human-in-the-Loop System for Dockerfile Repair,,"Henkel, Jordan ; Silva, Denini ; Teixeira, Leopoldo ; d'Amorim, Marcelo ; Reps, Thomas",,"2021 IEEE/ACM 43rd International Conference on Software Engineering: Companion Proceedings (ICSE-Companion), 2021, p.198-199",,Computer software ; Implements ; Software engineering,,,"Shipwright is a human-in-the-loop system for Dockerfile repair. In this artifact, we provide the data, tools, and scripts necessary to allow others to run our experiments (either in full, or reduced versions where necessary). In particular, we provide code and data corresponding to each of the four research questions we answered in the Shipwright paper.",,,,,IEEE,,,,,IEEE Proceedings Order Plans (POP All) 1998-Present,,https://pesquisa.b-on.pt/permalink/351BON_INST/cbhhhe/cdi_ieee_primary_9402688
Exploring the relationship between dockerfile quality and project characteristics,,"Wu, Yiwen",,"Proceedings of the ACM/IEEE 42nd International Conference on Software Engineering: Companion Proceedings, 2020, p.128-130",,Computer software ; Containers ; Implements ; Practice Guidelines as Topic ; Programming languages (Electronic computers) ; Software engineering ; Writing ; Written communication,,,"Dockerfile plays an important role in the Docker-based software development process, but many Dockerfile codes are infected with quality issues in practice. Previous empirical studies showed the existence of association between code quality and project characteristics. However, the relationship between Dockerfile quality and project characteristics has never been explored. In this paper, we seek to empirically study this relation through a large dataset of 6,334 projects. Using linear regression analysis, when controlled for various variables, we statistically identify and quantify the relationship between Dockerfile quality and project characteristics.",,,,,"New York, NY, USA: ACM",,,,,ACM Digital Library Complete,,https://pesquisa.b-on.pt/permalink/351BON_INST/cbhhhe/cdi_acm_books_10_1145_3377812_3382169_brief
DRMiner: A Tool For Identifying And Analyzing Refactorings In Dockerfile,,"Ksontini, Emna ; Abid, Aycha ; Khalsi, Rania ; Kessentini, Marouane",,"Proceedings (IEEE/ACM International Conference on Mining Software Repositories. Online), 2024, p.584-594",,Containers ; Maintenance ; Navigation ; Reviews ; Semantics (Philosophy) ; Software maintenance,,,"Software containerization using Docker has recently become the de facto standard for delivering reusable software artifacts. Integral to Docker's functionality are Dockerfiles, which serve as scripts that define the layers and components to be incorporated within a container. Although these files serve as the bedrock of container creation, their maintenance presents intricate challenges. Specifically, the task of Dockerfile refactoring is compounded by its inherent complexity. Although the importance of refactoring inside Docker ecosystems is apparent, detecting it remains challenging. Developers usually avoid documenting their refactoring efforts, often combining them with other changes.
While previous research works have delved into Docker refactoring, the predominant focus has been on empirical foundations, resulting in a constrained and narrow viewpoint. Despite all endeavors, there remains a clear gap for an exhaustive tool that can adeptly navigate the complexities of Dockerfile refactoring detection. To fill this gap, we introduce DRMiner, the first tool for identifying and analyzing refactoring in Dockerfile. Our solution, designed, implemented, and evaluated in terms of correctness and generalization, relies on a novel E-AST(Enhanced Abstract Syntax Tree) based component-matching algorithm and a set of detection rules to determine refactoring candidates. This work will serve as a fundamental building block for the refactoring detection in the realm of Docker.",,,,,"New York, NY, USA: ACM",,,,,ACM Digital Library Complete,,https://pesquisa.b-on.pt/permalink/351BON_INST/cbhhhe/cdi_acm_books_10_1145_3643991_3644921_brief
An empirical analysis of the Docker container ecosystem on GitHub,,"Cito, Jürgen ; Schermann, Gerald ; Wittern, Erik ; Leitner, Philipp ; Sali Zumberi ; Gall, Harald C",,"PeerJ preprints, 2017-04",,Computer programs ; Computer software ; Data processing ; Migration ; Software,,,"Docker allows packaging an application with its dependencies into a standardized, self-contained unit (a so-called container), which can be used for software development and to run the application on any system. Dockerfiles are declarative definitions of an environment that aim to enable reproducible builds of the container. They can often be found in source code repositories and enable the hosted software to come to life in its execution environment. We conduct an exploratory empirical study with the goal of characterizing the Docker ecosystem, prevalent quality issues, and the evolution of Dockerfiles. We base our study on a data set of over 70000 Dockerfiles, and contrast this general population with samplings that contain the Top-100 and Top-1000 most popular Docker-using projects. We find that most quality issues (28.6%) arise from missing version pinning (i.e., specifying a concrete version for dependencies). Further, we were not able to build 34% of Dockerfiles from a representative sample of 560 projects. Integrating quality checks, e.g., to issue version pinning warnings, into the container build process could result into more reproducible builds. The most popular projects change more often than the rest of the Docker population, with 5.81 revisions per year and 5 lines of code changed on average. Most changes deal with dependencies, that are currently stored in a rather unstructured manner. We propose to introduce an abstraction that, for instance, could deal with the intricacies of different package managers and could improve migration to more light-weight images.",,,,,"San Diego: PeerJ, Inc",,,,,Publicly Available Content Database; ProQuest Central,,https://pesquisa.b-on.pt/permalink/351BON_INST/cbhhhe/cdi_proquest_journals_1953354799
A Large-scale Data Set and an Empirical Study of Docker Images Hosted on Docker Hub,,"Lin, Changyuan ; Nadi, Sarah ; Khazaei, Hamzeh",,"Proceedings - Conference on Software Maintenance (1987), 2020, p.371-381",,Biotic communities ; Implements ; Marketing research ; Practice Guidelines as Topic ; Software maintenance,,,"Docker is currently one of the most popular containerization solutions. Previous work investigated various characteristics of the Docker ecosystem, but has mainly focused on Dockerfiles from GitHub, limiting the type of questions that can be asked, and did not investigate evolution aspects. In this paper, we create a recent and more comprehensive data set by collecting data from Docker Hub, GitHub, and Bitbucket. Our data set contains information about 3,364,529 Docker images and 378,615 git repositories behind them. Using this data set, we conduct a large-scale empirical study with four research questions where we reproduce previously explored characteristics (e.g., popular languages and base images), investigate new characteristics such as image tagging practices, and study evolution trends. Our results demonstrate the maturity of the Docker ecosystem: we find more reliance on ready-to-use language and application base images as opposed to yet-to-be-configured OS images, a downward trend of Docker image sizes demonstrating the adoption of best practices of keeping images small, and a declining trend in the number of smells in Dockerfiles suggesting a general improvement in quality. On the downside, we find an upward trend in using obsolete OS base images, posing security risks, and find problematic usages of the latest tag, including version lagging. Overall, our results bring good news such as more developers following best practices, but they also indicate the need to build tools and infrastructure embracing new trends and addressing potential issues.",,,,,IEEE,,,,,IEEE Proceedings Order Plans (POP All) 1998-Present,,https://pesquisa.b-on.pt/permalink/351BON_INST/cbhhhe/cdi_ieee_primary_9240654
Assessing and Improving the Quality of Docker Artifacts,,"Rosa, Giovanni ; Scalabrino, Simone ; Oliveto, Rocco",,"Proceedings - Conference on Software Maintenance (1987), 2022, p.592-596",,Buildings ; Practice Guidelines as Topic ; Reliability ; Software maintenance ; Task analysis,,,"Docker is the most diffused containerization technology adopted in the DevOps workflow. Docker allows shipping applications in Docker images, along with their dependencies and execution environment. A Docker image is created using a configuration file called Dockerfile. The literature shows that quality issues, such as violations of best practices (i.e., Dockerfile smells), are diffused among Docker artifacts. Smells can negatively impact the reliability, leading to building failures, poor performance, and security issues. In addition, it is unclear to what extent developers are aware of those quality issues and what quality aspects are correlated with the adoption of a Docker image. As evaluated in the literature, composing high-quality Dockerfiles and Docker images is not a trivial task. In this research, we aim to propose approaches and techniques to assess and improve the quality of Dockerfiles and Docker images. First, starting from the resolution of Dockerfile smells, we aim to improve the internal and then the related external quality aspects that also affect the developers' preference and the perceived quality when they adopt a Docker image. Next, we want to employ that knowledge in the automated generation of high-quality Dockerfiles and Docker images.",,,,,IEEE,,,,,IEEE Proceedings Order Plans (POP All) 1998-Present,,https://pesquisa.b-on.pt/permalink/351BON_INST/cbhhhe/cdi_ieee_primary_9978228
"Learning from, understanding, and supporting DevOps artifacts for docker",,"Henkel, Jordan ; Bird, Christian ; Lahiri, Shuvendu K. ; Reps, Thomas",,"2020 IEEE/ACM 42nd International Conference on Software Engineering (ICSE), 2020, p.38-49",,,,,"With the growing use of DevOps tools and frameworks, there is an increased need for tools and techniques that support more than code. The current state-of-the-art in static developer assistance for tools like Docker is limited to shallow syntactic validation. We identify three core challenges in the realm of learning from, understanding, and supporting developers writing DevOps artifacts: (i) nested languages in DevOps artifacts, (ii) rule mining, and (iii) the lack of semantic rule-based analysis. To address these challenges we introduce a toolset, binnacle, that enabled us to ingest 900,000 GitHub repositories.
Focusing on Docker, we extracted approximately 178,000 unique Dockerfiles, and also identified a Gold Set of Dockerfiles written by Docker experts. We addressed challenge (i) by reducing the number of effectively uninterpretable nodes in our ASTs by over 80% via a technique we call phased parsing. To address challenge (ii), we introduced a novel rule-mining technique capable of recovering two-thirds of the rules in a benchmark we curated. Through this automated mining, we were able to recover 16 new rules that were not found during manual rule collection. To address challenge (iii), we manually collected a set of rules for Dockerfiles from commits to the files in the Gold Set. These rules encapsulate best practices, avoid docker build failures, and improve image size and build latency. We created an analyzer that used these rules, and found that, on average, Dockerfiles on GitHub violated the rules five times more frequently than the Dockerfiles in our Gold Set. We also found that industrial Dockerfiles fared no better than those sourced from GitHub.
The learned rules and analyzer in binnacle can be used to aid developers in the IDE when creating Dockerfiles, and in a post-hoc fashion to identify issues in, and to improve, existing Dockerfiles.",,,,,"New York, NY, USA: ACM",,,,,IEEE Proceedings Order Plans (POP All) 1998-Present; ACM Digital Library Complete,,https://pesquisa.b-on.pt/permalink/351BON_INST/cbhhhe/cdi_acm_books_10_1145_3377811_3380406_brief
An Empirical Study of Automated Machine Learning Python Libraries Using Source Code Analysis,,"O’Leary, Christian ; Lynch, Conor ; Toosi, Farshad Ghassemi",,"Applied Computer Systems (Online), 2026-01, Vol.31 (1), p.95-115",,Artificial intelligence ; Libraries ; Machine learning ; Programming ; Software,,,"The growth of Automated Machine Learning (AutoML) has expanded access to machine learning workflows by enabling the automation of tasks and reducing the technical barrier to entry. However, the reliability and maintainability of these libraries depend on the quality of their underlying source code. This study presents a novel, systematic analysis of 16 Python AutoML libraries utilising SonarQube – an industry-standard SCA platform – and Python analysis tools: Bandit, Coverage.py, Prospector, Pylint, Radon, and Ruff. The AutoML Libraries are evaluated using software quality metrics, which collectively reflect overall code complexity, maintainability, security, and adherence to Python coding standards.
Strong agreement was observed between SonarQube-based rankings and rankings derived from Python-based tools. Based on median SCA rankings, the libraries were ordered (highest to lowest estimated code quality) as follows: Hyperopt-sklearn, AutoKeras, GAMA, MLBox, FEDOT, TPOT, MLJAR, LightAutoML, Auto-sklearn, PyCaret, FLAML, Auto-PyTorch, Ludwig, EvalML, AutoTS, and AutoGluon.
An additional exploratory Spearman rank correlation analysis examined the relationship between SCA metrics and forecasting performance measures from a prior electricity price prediction benchmark (
= 7). Several SCA metrics exhibit strong monotonic relationships with forecasting error measures, e.g., SonarQube
and
correlate positively with mean absolute error (ρ = 0.86), while
(ρ = −0.89) and
(ρ = − 0.86) correlate negatively with library execution time. Due to the limited sample size, these findings are descriptive and non-parametric. The results suggest that code quality scores may relate to lower-bound predictive performance and computational efficiency, warranting further validation.",,,,,Riga: Sciendo,,,,,Walter De Gruyter: Open Access Journals; Publicly Available Content Database; ProQuest Central; DOAJ Directory of Open Access Journals,,https://pesquisa.b-on.pt/permalink/351BON_INST/cbhhhe/cdi_walterdegruyter_journals_10_2478_acss_2026_000931195
Continuous Quality Improvement of AI-based Systems: the QualAI Project,,"Novielli, Nicole ; Oliveto, Rocco ; Palomba, Fabio ; Calefato, Fabio ; Colavito, Giuseppe ; De Martino, Vincenzo ; Della Porta, Antonio ; Giordano, Giammaria ; Guglielmi, Emanuela ; Lanubile, Filippo ; Quaranta, Luigi ; Recupito, Gilberto ; Scalabrino, Simone ; Spina, Angelica ; Vitale, Antonio; Franch, Xavier ; Daneva, Maya ; Martínez-Fernández, Silverio ; Quaranta, Luigi",,"Proceedings of the 18th ACM/IEEE International Symposium on Empirical Software Engineering and Measurement, 2024, p.603-607",,,,,"QualAI is a two-year project aimed at defining a set of recommenders to continuously monitor, assess, and improve the quality of AI-based systems, with a particular focus on machine learning (ML) applications. We will develop recommenders for the quality assurance of both data and ML models to enable practitioners to mitigate technical debt. Special attention will be paid to communication challenges that may arise in hybrid teams comprising data scientists and software developers. This paper presents the project outline, provides an executive summary of the research activities, outlines the expected project outcomes, and reports the results obtained to date.",,,,,"New York, NY, USA: ACM",,,,,ACM Digital Library Complete,,https://pesquisa.b-on.pt/permalink/351BON_INST/cbhhhe/cdi_acm_books_10_1145_3674805_3695393_brief
Doctor: Optimizing Container Rebuild Efficiency by Instruction Re-orchestration,,"Zhu, Zhiling ; Chen, Tieming ; Liu, Chengwei ; Liu, Han ; Song, Qijie ; Xu, Zhengzi ; Liu, Yang",,"Proceedings of the ACM on software engineering, 2025-06, Vol.2 (ISSTA), p.1-23, Article ISSTA001",,,,,"Containerization has revolutionized software deployment, with Docker leading the way due to its ease of use and consistent runtime environment. As Docker usage grows, optimizing Dockerfile performance, particularly by reducing rebuild time, has become essential for maintaining efficient CI/CD pipelines. However, existing optimization approaches primarily address single builds without considering the recurring rebuild costs associated with modifications and evolution, limiting long-term efficiency gains. To bridge this gap, we present Doctor, a method for improving Dockerfile build efficiency through instruction re-ordering that addresses key challenges: identifying instruction dependencies, predicting future modifications, ensuring behavioral equivalence, and managing the optimization’s computational complexity. We developed a comprehensive dependency taxonomy based on Dockerfile syntax and a historical modification analysis to prioritize frequently modified instructions. Using a weighted topological sorting algorithm, Doctor optimizes instruction order to minimize future rebuild time while maintaining functionality. Experiments on 2,000 GitHub repositories show that Doctor improves 92.75% of Dockerfiles, reducing rebuild time by an average of 26.5%, with 12.82% of files achieving over a 50% reduction. Notably, 86.2% of cases preserve functional similarity. These findings highlight best practices for Dockerfile management, enabling developers to enhance Docker efficiency through informed optimization strategies.",,,,,"New York, NY, USA: ACM",,,,,ACM Digital Library Complete,,https://pesquisa.b-on.pt/permalink/351BON_INST/cbhhhe/cdi_crossref_primary_10_1145_3728870
Burner: Recipe Automatic Generation for HPC Container Based on Domain Knowledge Graph,,"Zhong, Shuaihao ; Wang, Duoqiang ; Li, Wei ; Lu, Feng ; Jin, Hai; Wang, Yingjie",,"Wireless communications and mobile computing, 2022, Vol.2022 (1)",,Cloud computing ; Containers ; Cookbook ; Design ; High performance computing ; Open source software,,,"As one of the emerging cloud computing technologies, containers are widely used in academia and industry. The cloud computing built by the container in the high performance computing (HPC) center can provide high-quality services to users at the edge. Singularity Definition File and Dockerfile (we refer to such files as recipes) have attracted wide attention due to their encapsulation of the application running environment in a container. However, creating a recipe requires extensive domain knowledge, which is error-prone and time-consuming. Accordingly, more than 34% of Dockerfiles in Github cannot successfully build container images. The crucial points about recipe creation include selecting the entities (base images and packages) and determining their relationships (correct installation order for transitive dependencies). Since the relationships between entities can be expressed accurately and efficiently by the knowledge graph, we introduce knowledge graph to generate high-quality recipes automatically. This paper proposes an automatic recipe generation system named Burner, enabling users with no professional computer background to generate the recipes. We first develop a toolset including a recipe parser and an entity-relationship miner. Our two-phase recipe parsing method can perform abstract syntax tree (AST) parsing more deeply on the recipe file to achieve entity extraction; the parsing success rate (PSR) of the two-phase parsing method is 10.1% higher than the one-phase parsing. Then, we build a knowledge base containing 2,832 entities and 62,614 entity relationships, meeting the needs of typical HPC applications. In the test of image build, the singularity image build success rate reaches 80%. Compared with the ItemCF recommendation method, our recommendation method TB-TFIDF achieves a performance improvement by up to 50.86%.",,,,,Oxford: Hindawi,,,,,Publicly Available Content Database; ProQuest Central,,https://pesquisa.b-on.pt/permalink/351BON_INST/cbhhhe/cdi_hindawi_primary_10_1155_2022_4592428
"CREDO: a friendly Customizable, REproducible, DOcker file generator for bioinformatics applications",,"Alessandri, Simone ; Ratto, Maria L. ; Rabellino, Sergio ; Piacenti, Gabriele ; Contaldo, Sandro Gepiro ; Pernice, Simone ; Beccuti, Marco ; Calogero, Raffaele A. ; Alessandri, Luca",,"BMC bioinformatics, 2024-03, Vol.25 (1), p.110-16, Article 110",,Adaptation ; Algorithms ; Bioinformatics ; Computational biology ; Health aspects ; Image processing ; Libraries ; Life sciences ; Practice ; Reproducibility of Results ; Research ; Scientists ; Software ; Standardization,,,"Background
The analysis of large and complex biological datasets in bioinformatics poses a significant challenge to achieving reproducible research outcomes due to inconsistencies and the lack of standardization in the analysis process. These issues can lead to discrepancies in results, undermining the credibility and impact of bioinformatics research and creating mistrust in the scientific process. To address these challenges, open science practices such as sharing data, code, and methods have been encouraged.
Results
CREDO, a Customizable, REproducible, DOcker file generator for bioinformatics applications, has been developed as a tool to moderate reproducibility issues by building and distributing docker containers with embedded bioinformatics tools. CREDO simplifies the process of generating Docker images, facilitating reproducibility and efficient research in bioinformatics. The crucial step in generating a Docker image is creating the Dockerfile, which requires incorporating heterogeneous packages and environments such as Bioconductor and Conda. CREDO stores all required package information and dependencies in a Github-compatible format to enhance Docker image reproducibility, allowing easy image creation from scratch. The user-friendly GUI and CREDO's ability to generate modular Docker images make it an ideal tool for life scientists to efficiently create Docker images. Overall, CREDO is a valuable tool for addressing reproducibility issues in bioinformatics research and promoting open science practices.",,,,,London: BioMed Central,,,,,EBSCOhost MEDLINE with Full Text; Academic Search Complete; Academic Search Ultimate [EBSCO]; MEDLINE Complete; Publicly Available Content Database; BioMed Central Journals Complete; PubMed Central Open Access; ProQuest Central; DOAJ Directory of Open Access Journals; Springer Nature OA Free Journals,,https://pesquisa.b-on.pt/permalink/351BON_INST/cbhhhe/cdi_proquest_journals_2956836394
"Towards Understanding Docker Build Faults in Practice: Symptoms, Root Causes, and Fix Patterns",,"Wu, Yiwen ; Zhang, Yang ; Wang, Tao ; Ding, Bo ; Wang, Huaimin",,"Proceedings of the ACM on software engineering, 2025-06, Vol.2 (FSE), p.868-890, Article FSE040",,,,,"Docker building is a critical component of containerization in modern software development, automating the process of packaging and converting sources into container images. It is not uncommon to find that Docker build faults (DBFs) occur frequently across Docker-based projects, inducing non-negligible costs in development activities. DBF resolution is a challenging problem and previous studies have demonstrated that developers spend non-trivial time in resolving encountered build faults. However, the characteristics of DBFs is still under-investigated, hindering practical solutions to build management in the Docker community. In this paper, to bridge this gap, we present a comprehensive study for understanding the real-world DBFs in practice. We collect and analyze a DBF dataset of 255 issues and 219 posts from GitHub, Stack Overflow, and Docker Forum. We investigate and construct characteristic taxonomies for the DBFs, including 15 symptoms, 23 root causes, and 35 fix patterns. Moreover, we study the fault distributions of symptoms and root causes, in terms of the different build types, i.e., Dockerfile builds and Docker-compose builds. Based on the results, we provide actionable implications and develop a knowledge-based application, which can potentially facilitate research and assist developers in improving the Docker build management.",,,,,"New York, NY, USA: ACM",,,,,ACM Digital Library Complete,,https://pesquisa.b-on.pt/permalink/351BON_INST/cbhhhe/cdi_crossref_primary_10_1145_3715757
Predicting Software Refactoring With a Reinforcement Learning Framework Using Deep Q Network,,"Misra, Sanjay ; Patnaik, Archana ; Padhy, Neelamadhab ; Kumar, Lov ; Panigrahi, Rasmita",,"International journal of software science and computational intelligence, 2025-11, Vol.17 (1), p.1-28",,Algorithms ; Automation ; Machine learning ; Realtime . . . ; Software,,,"The primary objective of this work is to identify the scope of requirements for existing software projects by considering the source code metrics. In this work, the authors used Deep Q Network (DQN) for refactoring prediction, for which three open-source real-time projects, Antlr4, Junit, and Oryx, are taken into consideration. Different code metrics like Cyclomatic Complexity, Lines of Code, Coupling between Objects Lack of Cohesion are taken as input parameters. Based on the experimental analysis, five different types of refactoring predictions are performed, and the requirement of Extract Method and Move Class is higher as compared to other techniques. JUnit framework identifies a high scope of refactoring for which the performance evaluation metrics values are with an accuracy 97%, recall of .96, f-measure of 0.96, precison of 0.96. Q-Learning can be considered as one of the best techniques for identifying the need for code alteration by considering the probable values that resemble the Q-Value used for analysing the maintainability index.",,,,,Hershey: IGI Global,,,,,ProQuest Central,,https://pesquisa.b-on.pt/permalink/351BON_INST/cbhhhe/cdi_crossref_primary_10_4018_IJSSCI_393452
Modus: a Datalog dialect for building container images,,"Tomy, Chris ; Wang, Tingmao ; Barr, Earl T. ; Mechtaev, Sergey",,"Proceedings of the 30th ACM Joint European Software Engineering Conference and Symposium on the Foundations of Software Engineering, 2022, p.595-606",,,,,"Containers help share and deploy software by packaging it with all its dependencies. Tools, like Docker or Kubernetes, spawn containers from images as specified by a build system’s language, such as Dockerfile. A build system takes many parameters to build an image, including OS and application versions. These build parameters can interact: setting one can restrict another. Dockerfile lacks support for reifying and constraining these interactions, thus forcing developers to write a build script per workflow. As a result, developers have resorted to creating ad-hoc solutions such as templates or domain-specific frameworks that harm performance and complicate maintenance because they are verbose and mix languages.
To address this problem, we introduce Modus, a Datalog dialect for building container images. Modus' key insight is that container definitions naturally map to proof trees of Horn clauses. In these trees, container configurations correspond to logical facts, build instructions correspond to logic rules, and the build tree is computed as the minimal proof of the Datalog query specifying the target image. Modus relies on Datalog’s expressivity to specify complex workflows with concision and facilitate automatic parallelisation.
We evaluated Modus by porting build systems of six popular Docker Hub images to Modus. Modus reduced the code size by 20.1% compared to the used ad-hoc solutions, while imposing a negligible performance overhead, preserving the original image size and image efficiency. We also provide a detailed analysis of porting OpenJDK image build system to Modus.",,,,,"New York, NY, USA: ACM",,,,,ACM Digital Library Complete,,https://pesquisa.b-on.pt/permalink/351BON_INST/cbhhhe/cdi_acm_books_10_1145_3540250_3549133
Developer interaction traces backed by IDE screen recordings from think aloud sessions,,"Yamashita, Aiko ; Petrillo, Fabio ; Khomh, Foutse ; Guéhéneuc, Yann-Gaël",,"2018 IEEE/ACM 15th International Conference on Mining Software Repositories (MSR), 2018, p.50-53",,Business enterprises ; Data mining ; Machine learning ; Programming ; Reliability ; Software,,,"There are two well-known difficulties to test and interpret methodologies for mining developer interaction traces: first, the lack of enough large datasets needed by mining or machine learning approaches to provide reliable results; and second, the lack of ""ground truth"" or empirical evidence that can be used to triangulate the results, or to verify their accuracy and correctness. Moreover, relying solely on interaction traces limits our ability to take into account contextual factors that can affect the applicability of mining techniques in other contexts, as well hinders our ability to fully understand the mechanics behind observed phenomena. The data presented in this paper attempts to alleviate these challenges by providing 600+ hours of developer interaction traces, from which 26+ hours are backed with video recordings of the IDE screen and developer's comments. This data set is relevant to researchers interested in investigating program comprehension, and those who are developing techniques for interaction traces analysis and mining.",,,,,"New York, NY, USA: ACM",,,,,IEEE Proceedings Order Plans (POP All) 1998-Present; ACM Digital Library Complete,,https://pesquisa.b-on.pt/permalink/351BON_INST/cbhhhe/cdi_acm_books_10_1145_3196398_3196457_brief
FindICI: Using machine learning to detect linguistic inconsistencies between code and natural language descriptions in infrastructure-as-code,,"Borovits, Nemania ; Kumara, Indika ; Di Nucci, Dario ; Krishnan, Parvathy ; Palma, Stefano Dalla ; Palomba, Fabio ; Tamburri, Damian A. ; Heuvel, Willem-Jan van den",,"Empirical software engineering : an international journal, 2022-12, Vol.27 (7), p.178, Article 178",,Algorithms ; Classification ; Computer science ; Linguistics ; Machine learning ; Translators,,,"Linguistic anti-patterns are recurring poor practices concerning inconsistencies in the naming, documentation, and implementation of an entity. They impede the readability, understandability, and maintainability of source code. This paper attempts to detect linguistic anti-patterns in Infrastructure-as-Code (IaC) scripts used to provision and manage computing environments. In particular, we consider inconsistencies between the logic/body of IaC code units and their short text names. To this end, we propose
FindICI
a novel automated approach that employs word embedding and classification algorithms. We build and use the abstract syntax tree of IaC code units to create code embeddings used by machine learning techniques to detect inconsistent IaC code units. We evaluated our approach with two experiments on Ansible tasks systematically extracted from open source repositories for various word embedding models and classification algorithms. Classical machine learning models and novel deep learning models with different word embedding methods showed comparable and satisfactory results in detecting inconsistent Ansible tasks related to the top-10 used Ansible modules.",,,,,New York: Springer US,,,,,SpringerLink Journals - AutoHoldings; ProQuest Central,,https://pesquisa.b-on.pt/permalink/351BON_INST/cbhhhe/cdi_proquest_miscellaneous_2718637866
"Exploring the Dependency Network of Docker Containers: Structure, Diversity, and Relationship",,"Zhang, Yinyuan ; Zhang, Yang ; Wu, Yiwen ; Lu, Yao ; Wang, Tao ; Mao, Xinjun",,"12th Asia-Pacific Symposium on Internetware, 2020, p.199-208",,,,,"Container technologies are being widely used in large scale production cloud environments, of which Docker has become the de-facto industry standard. As a key step, containers need to define their dependent base image, which makes complex dependencies exist in a large number of containers. Prior studies have shown that references between software packages could form technical dependencies, thus forming a dependency network. However, little is known about the details of docker container dependency networks. In this paper, we perform an empirical study on the dependency network of docker containers from more than 120,000 dockerfiles. We construct the container dependency network and analyze its network structure. Further, we focus on the Top-100 dominant containers and investigate their subnetworks, including diversity and relationships. Our findings help to characterize and understand the container dependencies in the docker community and motivate the need for developing container dependency management tools.",,,,,"New York, NY, USA: ACM",,,,,ACM Digital Library Complete,,https://pesquisa.b-on.pt/permalink/351BON_INST/cbhhhe/cdi_acm_books_10_1145_3457913_3457927
Empirical evidence on technical challenges when adopting continuous practices,,"Portela, André ; de França, Breno Bernard Nicolau",,"Proceedings of the XXXVII Brazilian Symposium on Software Engineering, 2023, p.11-20",,,,,"Context: Continuous Software Engineering offers several benefits like fast iterations, increased reliability, and shorter lead times to react to business needs through practices like Continuous Integration, Delivery, and Deployment, but these practices come with many adoption challenges, which may appear as social (hard to identify and overcome) or technical challenges (TCs). Since anticipating even a small amount of possible challenges can be overwhelming, there is value in detecting them as early as possible to make it cheaper, faster, and more feasible to adopt this set of practices. Objective: We summarize evidence about identifying TCs to adopt continuous deployment and related practices. Method: We performed a Rapid Review that analyzed 14 studies and performed a narrative summary to provide an evidence briefing to practitioners. Results: We identified 121 TCs and organized them into nine categories: architecture, building, code, deployment, development practices, operations, pipeline, security, and testing. TCs related to code, pipeline, and testing are the most prevalent in the reviewed literature, while operations and deployment are the least. Static analysis strategies are the most used for detecting TCs, accounting for 94 detection strategies out of 100. However, most of these static analyses resort to some parsing technique. Specifically, Abstract Syntax Tree is the most used, detecting 44 TCs. Conclusion: Most studies have mixed evidence about identifying TCs to adopt continuous practices - some focus on evaluating the efficiency of detection strategies. In contrast, others are more focused on their characterization. We also identified varying levels of efficiency when detecting TCs. Finally, we advise attention to interpreting the results based on the overall quality score.",,,,,"New York, NY, USA: ACM",,,,,ACM Digital Library Complete,,https://pesquisa.b-on.pt/permalink/351BON_INST/cbhhhe/cdi_acm_books_10_1145_3613372_3613390_brief
From static code analysis to visual models of microservice architecture,,"Cerny, Tomas ; Abdelfattah, Amr S. ; Yero, Jorge ; Taibi, Davide",,"Cluster computing, 2024-07, Vol.27 (4), p.4145-4170",,Architects ; Architecture ; Augmented reality ; Computer networks ; Computer science ; Documentation ; Quality assurance ; Software ; System analysis ; System design ; Visualization,,,"Microservice architecture is the mainstream driver for cloud-native systems. It brings various benefits to the development process, such as enabling decentralized development and evolution of self-contained system parts, facilitating their selective scalability. However, new challenges emerge in such systems as the system-holistic quality assurance becomes difficult. It becomes hard to maintain the desired system architecture since many teams are involved in the development process and have greater autonomy. Without instruments and practices to coordinate teams and assess the system as a whole, the system is prone to architectural degradation. To face such challenges, various architectural aspects of the system should be accessible to practitioners. It would give them a better understanding of interconnections and dependencies among the microservice they manage and the context of the entire system. This manuscript provides the perspective on uncovering selected system architectural views using static code analysis. It demonstrates that holistic architectural views can be effectively derived from the system codebase(s), highlighting dependencies across microservices. Such new perspectives will aid practitioners in making informed decisions when intending to change and evolve the system. Moreover, with such a new instrument for system holistic assessment, we quickly realize that human experts must cope with another problem, the evergrowing scales of cloud-native systems. To elaborate on the topic, this manuscript examines how static analysis outcomes can be transformed into interactive architectural visualizations to assist practitioners in handling large-scale complexities.",,,,,New York: Springer US,,,,,SpringerLink Journals - AutoHoldings; ProQuest Central,,https://pesquisa.b-on.pt/permalink/351BON_INST/cbhhhe/cdi_proquest_journals_3087437817
Patterns of multi-container composition for service orchestration with Docker Compose,,"Eng, Kalvin ; Hindle, Abram ; Stroulia, Eleni",,"Empirical software engineering : an international journal, 2024-05, Vol.29 (3), p.65, Article 65",,Composition ; Computer science ; Computer software ; Containers ; Data Collection ; Product design ; Quantitative research ; Software engineering ; Translators,,,"Software design patterns present general code solutions to common software design problems. Modern software systems rely heavily on containers for running their constituent service components. Yet, despite the prevalence of ready-to-use Docker service images ready to participate in multi-container service compositions of applications, developers do not have much guidance on how to compose their own Docker service orchestrations. Thus in this work, we curate a dataset of successful projects that employ Docker Compose as an orchestration tool to run multiple service containers; then, we engage in qualitative and quantitative analysis of Docker Compose configurations. The collection of data and analysis enables the identification and naming of repeating multi-container composition patterns that are used in numerous successful open-source projects, much like software design patterns. These patterns highlight how software systems are orchestrated in the real-world and can give examples to anybody wishing to compose their own service orchestrations. These contributions also advance empirical research in software engineering patterns as evidence is provided about how Docker Compose is used.",,,,,New York: Springer US,,,,,SpringerLink Journals - AutoHoldings; ProQuest Central,,https://pesquisa.b-on.pt/permalink/351BON_INST/cbhhhe/cdi_proquest_journals_3050366414
Applying Model-Driven Engineering to Stimulate the Adoption of DevOps Processes in Small and Medium-Sized Development Organizations: The Case for Microservice Architecture,,"Sorgalla, Jonas ; Wizenty, Philip ; Rademacher, Florian ; Sachweh, Sabine ; Zündorf, Albert",,"SN computer science, 2021-11, Vol.2 (6), Article 459",,Computer science ; Vision,,,"Microservice architecture (MSA) denotes an increasingly popular architectural style in which business capabilities are wrapped into autonomously developable and deployable software components called microservices. Microservice applications are developed by multiple DevOps teams each owning one or more services. In this article, we explore the state of how DevOps teams in small and medium-sized organizations (SMOs) cope with MSA and how they can be supported. We show through a secondary analysis of an exploratory interview study comprising six cases, that the organizational and technological complexity resulting from MSA poses particular challenges for small and medium-sized organizations (SMOs). We apply model-driven engineering to address these challenges. As results of the second analysis, we identify the challenge areas of building and maintaining a common architectural understanding, and dealing with deployment technologies. To support DevOps teams of SMOs in coping with these challenges, we present a model-driven workflow based on LEMMA—the Language Ecosystem for Modeling Microservice Architecture. To implement the workflow, we extend LEMMA with the functionality to (i) generate models from API documentation; (ii) reference remote models owned by other teams; (iii) generate deployment specifications; and (iv) generate a visual representation of the overall architecture. We validate the model-driven workflow and our extensions to LEMMA through a case study showing that the added functionality to LEMMA can bring efficiency gains for DevOps teams. To develop best practices for applying our workflow to maximize efficiency in SMOs, we plan to conduct more empirical research in the field in the future.",,,,,Singapore: Springer Singapore,,,,,SpringerLink Journals - AutoHoldings; ProQuest Central,,https://pesquisa.b-on.pt/permalink/351BON_INST/cbhhhe/cdi_crossref_primary_10_1007_s42979_021_00825_z
Understanding and Predicting Docker Build Duration: An Empirical Study of Containerized Workflow of OSS Projects,,"Wu, Yiwen ; Zhang, Yang ; Xu, Kele ; Wang, Tao ; Wang, Huaimin",,"Proceedings of the 37th IEEE/ACM International Conference on Automated Software Engineering, 2022, p.1-13",,,,,"Docker building is a critical component of containerized workflow, which automates the process by which sources are packaged and transformed into container images. If not run properly, Docker builds can bring long durations (i.e., slow builds), which increases the cost in human and computing resources, and thus inevitably affect the software development. However, the current status and remedy for the duration cost in Docker builds remain unclear and need an in-depth study. To fill this gap, this paper provides the first empirical investigation on 171,439 Docker builds from 5,833 open source software (OSS) projects. Starting with an exploratory study, the Docker build durations can be characterized in real-world projects, and the developers’ perceptions of slow builds are obtained via a comprehensive survey. Driven by the results of our exploratory study, we propose a prediction modeling of Docker build duration, leveraging 27 handcrafted features from build-related context and configuration and 8 regression algorithms for the prediction task. Our results demonstrate that Random Forest model provides the superior performance with a Spearman’s correlation of 0.781, outperforming the baseline random model by 82.9% in RMSE, 90.6% in MAE, and 94.4% in MAPE, respectively. The implications of this study will facilitate research and assist practitioners in improving the Docker build process.",,,,,"New York, NY, USA: ACM",,,,,ACM Digital Library Complete,,https://pesquisa.b-on.pt/permalink/351BON_INST/cbhhhe/cdi_acm_books_10_1145_3551349_3556940
A study of how Docker Compose is used to compose multi-component systems,,"Ibrahim, Md Hasan ; Sayagh, Mohammed ; Hassan, Ahmed E.",,"Empirical software engineering : an international journal, 2021-11, Vol.26 (6), Article 128",,Computer science ; Containers ; Maintenance ; Software ; Translators,,,"Many modern software applications are composed of several components (e.g., a web application is composed of a web server component and a database component). Each of these components can be instantiated as a container from a Docker image. Each Docker image corresponds to a software package (e.g, Apache or MySQL) along with various configuration details. Such containerization simplifies, speeds up, and enables the systematic deployment and maintenance of components at scale. As a natural progression of Docker, applications are now using “Docker Compose” to compose multi-component (aka. multi-container) applications by specifying the various components and their relations – in turn simplifying the deployment and maintenance of complex multi-component applications. This paper reports on a study of 4,103 open-source Github projects that use Docker Compose. Our primary goal is to better understand how it is used in the wild. We observe that over a quarter (26.8%) of the studied projects use Docker Compose for single-component applications. The Docker Compose file for an application is infrequently updated with 30% of such files never changed. We also observe that most of the composed applications leverage basic Docker Compose options instead of using advanced options (e.g., just 4.3% of the multi-component applications use a security related option). While Docker Compose has evolved over the years (it is currently at version 3), applications rarely adopt the new versions and 2.4% of the studied projects downgraded to an earlier version due to platform and option compatibility issues. Our study highlights that while applications are using Docker Compose, they appear to be content with its basic options and earlier versions in many instances. Future studies are needed to better understand how to improve the uptake of the more advanced aspects of Docker Compose, if they are needed at all.",,,,,New York: Springer US,,,,,SpringerLink Journals - AutoHoldings; ProQuest Central,,https://pesquisa.b-on.pt/permalink/351BON_INST/cbhhhe/cdi_springer_journals_10_1007_s10664_021_10025_1
Securing the Foundation of AI: A Deep Dive into Dependency Management and Security in Deep Learning Frameworks,,"Tan, Xin ; Hou, Bo ; Zhang, Li",,"ACM transactions on software engineering and methodology, 2026-02",,,,,"Deep learning (DL) frameworks such as TensorFlow and PyTorch have powered major AI advancements, yet their reliance on third-party libraries introduces critical, understudied security risks. This paper examines dependency management in these frameworks, focusing on dependency characteristics, associated vulnerabilities, and mitigation strategies. We analyze 448 libraries, 8,641 dependency-related commits, and 72 vulnerabilities, using GitHub APIs, official package sites, NVD/CWE databases, and a developer survey. Our findings show that while both frameworks share similar dependency types, PyTorch has more dependencies with less frequent updates. Both exhibit substantial vulnerabilities—42 in TensorFlow and 30 in PyTorch—almost half of which are high or critical severity, many unresolved. Notably, cumulative vulnerability exposure events reach 9,653 for TensorFlow and 627 for PyTorch, largely due to repeated removal and reintroduction of vulnerable dependencies. We also reveal that most security fixes occur incidentally alongside dependency optimization or compatibility improvements. Only 12% of changes explicitly address security, despite 90% of developers acknowledging its importance, reflecting limited experience, over-reliance on dependencies, and unclear accountability. This study sheds light on dependency management practices in DL frameworks, highlighting critical security risks and offering actionable guidance to strengthen DL ecosystem security and resilience.",,,,,,,,,,ACM Digital Library Complete,,https://pesquisa.b-on.pt/permalink/351BON_INST/cbhhhe/cdi_crossref_primary_10_1145_3798048
Unveiling the Energy Vampires: A Methodology for Debugging Software Energy Consumption,,"Roque, Enrique Barba ; Cruz, Luis ; Durieux, Thomas",,"Proceedings / International Conference on Software Engineering, 2025, p.2406-2418",,Energy consumption ; Hardware ; Software measurement,,,"Energy consumption in software systems is becoming increasingly important, especially in large-scale deployments. However, debugging energy-related issues remains challenging due to the lack of specialized tools. This paper presents an energy debugging methodology for identifying and isolating energy consumption hotspots in software systems. We demonstrate the methodology's effectiveness through a case study of Redis, a popular in-memory database. Our analysis reveals significant energy consumption differences between Alpine and Ubuntu distributions, with Alpine consuming up to 20.2% more power in certain operations. We trace this difference to the implementation of the memcpy function in different C standard libraries (musl vs. glibc). By isolating and benchmarking memcpy, we confirm it as the primary cause of the energy discrepancy. Our findings highlight the importance of considering energy efficiency in software dependencies and demonstrate the capability to assist developers in identifying and addressing energy-related issues. This work contributes to the growing field of sustainable software engineering by providing a systematic approach to energy debugging and using it to unveil unexpected energy behaviors in Alpine.",,,,,"Piscataway, NJ, USA: IEEE Press",,,,,IEEE Proceedings Order Plans (POP All) 1998-Present; ACM Digital Library Complete,,https://pesquisa.b-on.pt/permalink/351BON_INST/cbhhhe/cdi_acm_books_10_1109_ICSE55347_2025_00118
Enhancing software quality of CI/CD pipeline through continuous testing: a DevOps-driven maintainable hybrid automation testing framework,,"Patel, Akshit Raj ; Tyagi, Sulabh",,"International journal of information technology (Singapore. Online), 2025-09, Vol.17 (7), p.4119-4133",,Algorithms ; Artificial intelligence ; Automation ; Case studies ; Computer science ; Computer software ; Design ; Efficiency ; Feedback ; Machine learning ; Software engineering ; Vision,,,"The rapid adoption of DevOps methodologies has revolutionized software development by enabling Continuous Integration and Continuous Deployment (CI/CD). However, ensuring efficient, scalable, and maintainable automated testing remains a significant challenge in DevOps-driven environments. This study introduces the Maintainable Hybrid Test Automation Framework (MHTAF), designed to enhance test efficiency, reliability, and code quality. MHTAF leverages the Page Object Model (POM) to promote test script reusability and integrates key DevOps tools, including Selenium for test automation, Jenkins for CI/CD management, SonarQube for continuous code quality assessment, and Docker for containerized deployment. To evaluate the framework, we implemented MHTAF on two large-scale e-commerce platforms, Amazon and Flipkart. Experimental results demonstrate significantly reduced code duplication, improved test execution efficiency, and enhanced maintainability within CI/CD pipelines. Our findings highlight MHTAF’s effectiveness in streamlining test automation while ensuring high software quality in dynamic DevOps environments.",,,,,Singapore: Springer Nature Singapore,,,,,SpringerLink Journals - AutoHoldings,,https://pesquisa.b-on.pt/permalink/351BON_INST/cbhhhe/cdi_proquest_journals_3255830003
Applying Model-Driven Engineering to Stimulate the Adoption of DevOps Processes in Small and Medium-Sized Development Organizations,,"Sorgalla, Jonas ; Wizenty, Philip ; Rademacher, Florian ; Sachweh, Sabine ; Zündorf, Albert",,"SN computer science, 2021-11, Vol.2 (6), p.459",,"Associations, institutions, etc. ; Communication ; Computer software ; Engineering ; Practice Guidelines as Topic ; Software ; Software engineering ; Workflow",,,"Microservice architecture (MSA) denotes an increasingly popular architectural style in which business capabilities are wrapped into autonomously developable and deployable software components called microservices. Microservice applications are developed by multiple DevOps teams each owning one or more services. In this article, we explore the state of how DevOps teams in small and medium-sized organizations (SMOs) cope with MSA and how they can be supported. We show through a secondary analysis of an exploratory interview study comprising six cases, that the organizational and technological complexity resulting from MSA poses particular challenges for small and medium-sized organizations (SMOs). We apply model-driven engineering to address these challenges. As results of the second analysis, we identify the challenge areas of building and maintaining a common architectural understanding, and dealing with deployment technologies. To support DevOps teams of SMOs in coping with these challenges, we present a model-driven workflow based on LEMMA—the Language Ecosystem for Modeling Microservice Architecture. To implement the workflow, we extend LEMMA with the functionality to (i) generate models from API documentation; (ii) reference remote models owned by other teams; (iii) generate deployment specifications; and (iv) generate a visual representation of the overall architecture. We validate the model-driven workflow and our extensions to LEMMA through a case study showing that the added functionality to LEMMA can bring efficiency gains for DevOps teams. To develop best practices for applying our workflow to maximize efficiency in SMOs, we plan to conduct more empirical research in the field in the future.",,,,,Kolkata: Springer Nature B.V,,,,,SpringerLink Journals - AutoHoldings; ProQuest Central,,https://pesquisa.b-on.pt/permalink/351BON_INST/cbhhhe/cdi_proquest_journals_2932345182
A Dataset of Microservices-based Open-Source Projects,,"Amoroso d'Aragona, Dario ; Bakhtin, Alexander ; Li, Xiaozhou ; Su, Ruoyu ; Adams, Lauren ; Aponte, Ernesto ; Boyle, Francis ; Boyle, Patrick ; Koerner, Rachel ; Lee, Joseph ; Tian, Fangchao ; Wang, Yuqing ; Nyyssölä, Jesse ; Quevedo, Ernesto ; Rahaman, Shahidur Md ; Abdelfattah, Amr S. ; Mäntylä, Mika ; Cerny, Tomas ; Taibi, Davide",,"Proceedings (IEEE/ACM International Conference on Mining Software Repositories. Online), 2024, p.504-509",,Computer architecture ; Industries ; Pipelines,,,"Researchers in the microservices community often resort to demonstrating the impact of their proposed advancements on custom-made microservices projects. This is a possible source of bias that can reduce the trustworthiness of the results. Moreover, it is hard to compare advances in small projects, often developed due to lack of time. It is common across disciplines to recognize benchmarks that mitigate bias and unify the advancements' impact. To facilitate the identification of available open-source microservice projects (OSS-MS), we performed a comprehensive study to identify, curate, and catalog OSS-MS. We started with 389559 projects and filtered them down to 3804 projects that we manually labeled. After manual labeling, our dataset contains 378 projects with three or more microservices and with over 100 commits. We document the projects from many perspectives, including project size, platform, number of contributors, project purpose, and foundation support. This dataset can serve researchers as a roadmap to identify benchmarks, as our dataset can be used to answer questions such as whether the number of services impacts the issue count.",,,,,"New York, NY, USA: ACM",,,,,ACM Digital Library Complete,,https://pesquisa.b-on.pt/permalink/351BON_INST/cbhhhe/cdi_acm_books_10_1145_3643991_3644890
"GPS Pipeline: portable, scalable genomic pipeline for Streptococcus pneumoniae surveillance from Global Pneumococcal Sequencing Project",,"Hung, Harry C. H. ; Kumar, Narender ; Dyster, Victoria ; Yeats, Corin ; Metcalf, Benjamin ; Li, Yuan ; Hawkins, Paulina A. ; McGee, Lesley ; Bentley, Stephen D. ; Lo, Stephanie W.",,"Nature communications, 2025-09, Vol.16 (1), p.8345-12, Article 8345",,Anti-infective agents ; Antibiotics ; Bacteria ; Bioinformatics ; Classification ; Drug resistance ; Genomes ; Genomics ; Human beings ; Internet access ; Metadata ; Pathogenic microorganisms ; Pathogens ; Public health ; Quality control ; Science ; Serogroup ; Software ; Streptococcus pneumoniae ; Vaccines ; Whole Genome Sequencing,,,"Streptococcus pneumoniae
(pneumococcus) is a major pathogen globally, responsible for an estimated one million deaths annually and contributing significantly to the global burden of antimicrobial resistance. Ongoing surveillance of its vaccine antigen (i.e. serotypes), antimicrobial resistance, and pneumococcal lineages is crucial for assessing the impact of vaccination programs and guiding future vaccine design. However, current bioinformatics tools have several limitations that prevent them from enabling comprehensive analysis that allows simultaneous, large-scale, and independent generation of these crucial data. Here, we present the GPS Pipeline that enables reliable extraction of public health information from pneumococcal genomes using in silico methods. It can accurately identify 102 of 107 known serotypes, recognise 1053 pneumococcal lineages, and predict susceptibilities to 19 common antibiotics. Built on Nextflow and utilising containerisation technology, the GPS Pipeline minimises software setup requirements and bioinformatics expertise while facilitating large-scale analysis of genomic data. The GPS Pipeline was applied and validated on 20,924 pneumococcal genomes worldwide, demonstrating its effectiveness in enhancing responsiveness in pneumococcal genomic surveillance.
The GPS Pipeline enables accessible and scalable genomic surveillance of Streptococcus pneumoniae. It performs quality control and in silico typing of sequencing reads with high accuracy using a single simple command, without requiring the internet.",,,,,London: Nature Publishing Group UK,,,,,MEDLINE Complete; Publicly Available Content Database; Springer Nature - nature.com Journals - Fully Open Access; ProQuest Central; DOAJ Directory of Open Access Journals; Springer Nature OA Free Journals,,https://pesquisa.b-on.pt/permalink/351BON_INST/cbhhhe/cdi_proquest_miscellaneous_3254121677
Nine quick tips for software containerization,,"Moreau, David ; Wiebels, Kristina",,"PLoS computational biology, 2026-04, Vol.22 (4), p.e1014197",,Computational biology ; Computer software ; Methodology ; Methods ; Reproducibility of Results ; Software ; Software engineering,,,"Software containerization has become a cornerstone of modern computational biology, enabling researchers to package code, dependencies, and execution environments in portable and reusable units. Containers support reproducibility, facilitate collaboration, and lower barriers to deploying complex computational workflows across heterogeneous systems. At the same time, inappropriate or superficial use of containers can undermine these benefits, leading to brittle environments, security risks, or false confidence in reproducibility. In this article, we present nine practical and actionable tips for using software containers effectively in computational biology research. Rather than focusing narrowly on container syntax or tooling, we address conceptual decisions that arise throughout the research lifecycle: when containerization is appropriate, how to balance reproducibility with flexibility, how to manage dependencies and data, and how to share containers responsibly. These tips are intended for researchers with varying levels of experience, from those adopting containers for the first time to those maintaining mature, containerized workflows.",,,,,United States: Public Library of Science,,,,,Academic Search Complete; Academic Search Ultimate [EBSCO]; MEDLINE Complete; Open Access: Public Library of Science (PLoS) Journals Open Access; Publicly Available Content Database; ProQuest Central; DOAJ Directory of Open Access Journals,,https://pesquisa.b-on.pt/permalink/351BON_INST/cbhhhe/cdi_proquest_miscellaneous_3334062872
Toward Understanding the Security of Plugins in Continuous Integration Services,,"Li, Xiaofan ; Gu, Yacong ; Qiao, Chu ; Zhang, Zhenkai ; Liu, Daiping ; Ying, Lingyun ; Duan, Haixin ; Gao, Xing",,"Proceedings of the 2024 on ACM SIGSAC Conference on Computer and Communications Security, 2024, p.482-496",,,,,"Mainstream Continuous Integration (CI) platforms have provided the plugin functionality to accelerate the development of CI pipelines. Unfortunately, CI plugins, which are essentially reusable code snippets, also expose new attack surfaces as plugins might be developed by less trusted users. In this paper, we present an in-depth study to understand potential security risks in existing CI plugins. We conduct a comprehensive analysis of plugin implementations on four mainstream CI platforms (GitHub Actions, GitLab CI, CircleCI, and Azure Pipelines), and investigate several weak links in existing plugin distributions and isolation mechanisms. We investigate seven attack vectors that can enable attackers to hijack plugins and distribute malicious code without plugins users being aware, and further exploit hijacked plugins to manipulate the workflow execution. Additionally, we find that plugin dependency (a plugin references other plugins) might further amplify the attack impact of our disclosed attacks. To evaluate the potential impact, we conduct a large-scale measurement on GitHub and GitLab, covering a total of 1,328,912 repositories using the aforementioned CI platforms. Our measurement results show that a large number of repositories and existing plugins, including many widely used ones, are potentially vulnerable to the proposed attacks. We have duly reported the identified vulnerabilities and received positive responses.",,,,,"New York, NY, USA: ACM",,,,,ACM Digital Library Complete,,https://pesquisa.b-on.pt/permalink/351BON_INST/cbhhhe/cdi_acm_books_10_1145_3658644_3670366_brief
Empirically evaluating flaky test detection techniques combining test case rerunning and machine learning models,,"Parry, Owain ; Kapfhammer, Gregory M. ; Hilton, Michael ; McMinn, Phil",,"Empirical software engineering : an international journal, 2023-05, Vol.28 (3), p.72, Article 72",,Automation ; Computer science ; Machine learning ; Translators,,,"A
flaky test
is a test case whose outcome changes without modification to the code of the test case or the program under test. These tests disrupt continuous integration, cause a loss of developer productivity, and limit the efficiency of testing. Many flaky test detection techniques are
rerunning-based
, meaning they require repeated test case executions at a considerable time cost, or are
machine learning-based
, and thus they are fast but offer only an approximate solution with variable detection performance. These two extremes leave developers with a stark choice. This paper introduces
CANNIER
, an approach for reducing the time cost of rerunning-based detection techniques by combining them with machine learning models. The empirical evaluation involving 89,668 test cases from 30 Python projects demonstrates that
CANNIER
can reduce the time cost of existing rerunning-based techniques by an order of magnitude while maintaining a detection performance that is significantly better than machine learning models alone. Furthermore, the comprehensive study extends existing work on machine learning-based detection and reveals a number of additional findings, including (1) the performance of machine learning models for detecting polluter test cases; (2) using the mean values of dynamic test case features from repeated measurements can slightly improve the detection performance of machine learning models; and (3) correlations between various test case features and the probability of the test case being flaky.",,,,,New York: Springer US,,,,,SpringerLink Journals - AutoHoldings; ProQuest Central,,https://pesquisa.b-on.pt/permalink/351BON_INST/cbhhhe/cdi_crossref_primary_10_1007_s10664_023_10307_w
A multi-dimensional analysis of technical lag in Debian-based Docker images,,"Zerouali, Ahmed ; Mens, Tom ; Decan, Alexandre ; Gonzalez-Barahona, Jesus ; Robles, Gregorio",,"Empirical software engineering : an international journal, 2021-03, Vol.26 (2), Article 19",,Computer science ; Containers ; Dimensional analysis ; Mathematical analysis ; Software ; Translators,,,"Container-based solutions, such as
Docker
, have become increasingly relevant in the software industry to facilitate deploying and maintaining software systems. Little is known, however, about how outdated such containers are at the moment of their release or when used in production. This article addresses this question, by measuring and comparing five different dimensions of
technical lag
that
Docker
container images can face: package lag, time lag, version lag, vulnerability lag, and bug lag. We instantiate the formal technical lag framework from previous work to operationalise these different dimensions of lag on
Docker Hub
images based on the
Debian
Linux
distribution. We carry out a large-scale empirical study of such technical lag, over a three-year period, in 140,498
Debian
images. We compare the differences between
official
and
community
images, as well as between images with different
Debian
distributions:
OldStable
,
Stable
or
Testing
. The analysis shows that the different dimensions of technical lag are complementary, providing multiple insights.
Official
Debian
images consistently have a lower lag than
community
images for all considered lag dimensions. The amount of lag incurred depends on the type of
Debian
distribution and the considered lag dimension. Our research offers empirical evidence that developers and deployers of
Docker
images can benefit from identifying to which extent their containers are outdated according to the considered dimensions, and mitigate the risks related to such outdatedness.",,,,,New York: Springer US,,,,,SpringerLink Journals - AutoHoldings; ProQuest Central,,https://pesquisa.b-on.pt/permalink/351BON_INST/cbhhhe/cdi_proquest_journals_2491634936
Mobile Sensing with Smart Wearables of the Physical Context of Distance Learning Students to Consider Its Effects on Learning,,"Ciordas-Hertel, George-Petru ; Rödling, Sebastian ; Schneider, Jan ; Di Mitri, Daniele ; Weidlich, Joshua ; Drachsler, Hendrik",,"Sensors (Basel, Switzerland), 2021-10, Vol.21 (19), p.6649",,Distance education ; Memory ; Noise ; Physiology ; Smartphones ; Smartwatches ; Software ; Students ; Wearable computers,,,"Research shows that various contextual factors can have an impact on learning. Some of these factors can originate from the physical learning environment (PLE) in this regard. When learning from home, learners have to organize their PLE by themselves. This paper is concerned with identifying, measuring, and collecting factors from the PLE that may affect learning using mobile sensing. More specifically, this paper first investigates which factors from the PLE can affect distance learning. The results identify nine types of factors from the PLE associated with cognitive, physiological, and affective effects on learning. Subsequently, this paper examines which instruments can be used to measure the investigated factors. The results highlight several methods involving smart wearables (SWs) to measure these factors from PLEs successfully. Third, this paper explores how software infrastructure can be designed to measure, collect, and process the identified multimodal data from and about the PLE by utilizing mobile sensing. The design and implementation of the Edutex software infrastructure described in this paper will enable learning analytics stakeholders to use data from and about the learners’ physical contexts. Edutex achieves this by utilizing sensor data from smartphones and smartwatches, in addition to response data from experience samples and questionnaires from learners’ smartwatches. Finally, this paper evaluates to what extent the developed infrastructure can provide relevant information about the learning context in a field study with 10 participants. The evaluation demonstrates how the software infrastructure can contextualize multimodal sensor data, such as lighting, ambient noise, and location, with user responses in a reliable, efficient, and protected manner.",,,,,Basel: MDPI AG,,,,,Academic Search Complete; Academic Search Ultimate [EBSCO]; Publicly Available Content Database; ProQuest Central; DOAJ Directory of Open Access Journals,,https://pesquisa.b-on.pt/permalink/351BON_INST/cbhhhe/cdi_crossref_citationtrail_10_3390_s21196649
Do SDN configuration changes get reviewed differently? An empirical study at TELUS,,"Kansab, Samah ; Aïdasso, Henri ; Bordeleau, Francis ; Tizghadam, Ali",,"Empirical software engineering : an international journal, 2026-06, Vol.31 (6), p.165",,Computer science ; Configurations ; Documentation ; Feedback ; Quantitative research ; Translators,,,"Configuration files are crucial in Software-Defined Networking (SDN) as they define policies required for the dynamic and safe management of large-scale network traffic. Frequent changes to these files can indicate adaptability and responsiveness but may also suggest instability or frequent reconfiguration needs, due to the intricate dependencies between network components and the risk of misconfigurations that can affect network performance and security. This complexity introduced by these configuration changes poses significant challenges, complicating both the development and review processes. Managing and reviewing these changes effectively is essential to ensure that the network remains robust, secure, and optimized, making it crucial to understand and address the difficulties associated with configuration files in SDN context. This paper presents the results of a study conducted in collaboration with our industrial partner, a telecom company providing SDN-based solutions, to investigate the specific challenges related to the review of configuration files compared to traditional development and documentation files. We analyze 8,495 GitLab Merge Requests (MRs) from five configuration-centric projects. Using both quantitative and qualitative methods, we compare configuration MRs with development and documentation MRs, and examine differences between configuration bug-related and non-bug-related MRs. Our findings show that configuration-dominant MRs (more than 50% of the files are configuration) receive significantly less review participation and activity than development MRs, with less consistent quality and more questions raised. However, configuration-inclusive MRs (less than 50% configuration files) show better review quality and alignment with development standards, featuring more suggestions and evaluations. When compared to documentation MRs, both configuration-dominant and configuration-inclusive MRs exhibit higher review activity and engagement, take longer to review, and are more frequently self-managed. Configuration-dominant bug-related MRs demonstrate significantly higher review activity, engagement, and approval, emphasizing technical accuracy and achieving high-quality ratings. Configuration-inclusive bug-related MRs related to bugs show consistent review quality similar to non-bug-related MRs. The main contributions of the paper are: a comprehensive quantitative and qualitative comparison of reviews on configuration and traditional files, and an assessment of the impact of bugs in configuration files on the review process. These contributions give practitioners valuable insights to identify inefficiencies that reduce participation and effectiveness in configuration reviews in SDN context, while highlighting areas for improving review practices.",,,,,New York: Springer US,,,,,SpringerLink Journals - AutoHoldings,,https://pesquisa.b-on.pt/permalink/351BON_INST/cbhhhe/cdi_springer_journals_10_1007_s10664_026_10897_1
Why and how developers maintain smart contracts,,"Rosa, Giovanni ; Scalabrino, Simone ; Mastrostefano, Stefano ; Oliveto, Rocco",,"Empirical software engineering : an international journal, 2025-05, Vol.30 (3), p.84, Article 84",,Classification ; Computer science ; Computer software ; Contracts ; Maintenance ; Software engineering ; Translators,,,"Smart contracts,
i.e.,
self-executing contracts written in code, have gained popularity in recent years due to the introduction of blockchain technology. These contracts are executed automatically when certain conditions are met, and, once deployed, they can not be modified. This presents issues when errors are found or updates are needed. Previous research has mainly focused on introducing approaches and tools for detecting bugs or vulnerabilities in smart contracts. However, it is unclear if these are the only maintenance-related operations developers perform. In this paper, we aim to understand
why
and
how
developers maintain smart contracts. We run a qualitative analysis on 590 commits from 14 open-source smart contract repositories written in Solidity, the most popular programming language for smart contracts. We analyze the commit messages, related issues, and the changes made to understand what triggered changes. Then, we examine how developers changed the source code. As a result, we define two taxonomies: one reporting the reasons for the maintenance and one regarding the patterns of modifications. Our findings suggest that smart contract maintenance is often focused on improving the internal quality of the scripts (40% of the cases), and that many changes aim to fix bugs despite the several approaches available for detecting them beforehand.",,,,,New York: Springer US,,,,,SpringerLink Journals - AutoHoldings; ProQuest Central,,https://pesquisa.b-on.pt/permalink/351BON_INST/cbhhhe/cdi_crossref_citationtrail_10_1007_s10664_025_10639_9
Assessing the adoption of security policies by developers in terraform across different cloud providers,,"Verdet, Alexandre ; Hamdaqa, Mohammad ; Silva, Leuson Da ; Khomh, Foutse",,"Empirical software engineering : an international journal, 2025-06, Vol.30 (3), p.74, Article 74",,Cloud computing ; Computer science ; Computer security ; Computer software ; Data integrity ; Practice Guidelines as Topic ; Privacy ; Software engineering ; Translators,,,"Cloud computing has become popular thanks to the widespread use of Infrastructure as Code (IaC) tools, allowing the community to manage and configure cloud infrastructure using scripts. However, the scripting process does not automatically prevent practitioners from introducing misconfigurations, vulnerabilities, or privacy risks. As a result, ensuring security relies on practitioners’ understanding and the adoption of explicit policies. To understand how practitioners deal with this problem, we perform an empirical study analyzing the adoption of scripted security best practices present in Terraform files, applied on AWS, Azure, and Google Cloud. We assess the adoption of these practices by analyzing a sample of 812 open-source GitHub projects. We scan each project’s configuration files, looking for policy implementation through static analysis (Checkov and Tfsec). The category
Access policy
emerges as the most widely adopted in all providers, while
Encryption at rest
presents the most neglected policies. Regarding the cloud providers, we observe that AWS and Azure present similar behavior regarding attended and neglected policies. Finally, we provide guidelines for cloud practitioners to limit infrastructure vulnerability and discuss further aspects associated with policies that have yet to be extensively embraced within the industry.",,,,,New York: Springer US,,,,,SpringerLink Journals - AutoHoldings; ProQuest Central,,https://pesquisa.b-on.pt/permalink/351BON_INST/cbhhhe/cdi_proquest_miscellaneous_3173400446
A container-based workflow for distributed training of deep learning algorithms in HPC clusters,,"González-Abad, Jose ; López García, Álvaro ; Kozlov, Valentin Y.",,"Cluster computing, 2023-10, Vol.26 (5), p.2815-2834",,Algorithms ; Computer networks ; Computer science ; Containerization ; Employees ; Experiments ; Graphics processing units ; Machine learning ; Software ; Workflow,,,"Deep learning has been postulated as a solution for numerous problems in different branches of science. Given the resource-intensive nature of these models, they often need to be executed on specialized hardware such graphical processing units (GPUs) in a distributed manner. In the academic field, researchers get access to this kind of resources through High Performance Computing (HPC) clusters. This kind of infrastructures make the training of these models difficult due to their multi-user nature and limited user permission. In addition, different HPC clusters may possess different peculiarities that can entangle the research cycle (e.g., libraries dependencies). In this paper we develop a workflow and methodology for the distributed training of deep learning models in HPC clusters which provides researchers with a series of novel advantages. It relies on udocker as containerization tool and on Horovod as library for the distribution of the models across multiple GPUs. udocker does not need any special permission, allowing researchers to run the entire workflow without relying on any administrator. Horovod ensures the efficient distribution of the training independently of the deep learning framework used. Additionally, due to containerization and specific features of the workflow, it provides researchers with a cluster-agnostic way of running their models. The experiments carried out show that the workflow offers good scalability in the distributed training of the models and that it easily adapts to different clusters.",,,,,New York: Springer US,,,,,SpringerLink Journals - AutoHoldings; ProQuest Central,,https://pesquisa.b-on.pt/permalink/351BON_INST/cbhhhe/cdi_crossref_primary_10_1007_s10586_022_03798_7
Design and Implementation of Cloud Docker Application Architecture Based on Machine Learning in Container Management for Smart Manufacturing,,"Kim, Byoung Soo ; Lee, Sang Hyeop ; Lee, Ye Rim ; Park, Yong Hyun ; Jeong, Jongpil",,"Applied sciences, 2022-07, Vol.12 (13), p.6737",,Algorithms ; Discriminant analysis ; Industrialists ; Machine learning ; Memory ; Monitoring ; Support vector machines,,,"Manufacturers are expanding their business-process innovation and customized manufacturing to reduce their information technology costs and increase their operational efficiency. Large companies are building enterprise-wide hybrid cloud platforms to further accelerate their digital transformation. Many companies are also introducing container virtualization technology to maximize their cloud transition and cloud benefits. However, small- and mid-sized manufacturers are struggling with their digital transformation owing to technological barriers. Herein, for small- and medium-sized manufacturing enterprises transitioning onto the cloud, we introduce a Docker Container application architecture, a customized container-based defect inspection machine-learning model for the AWS cloud environment developed for use in small manufacturing plants. By linking with open-source software, the development was improved and a datadog-based container monitoring system, built to enable real-time anomaly detection, was implemented.",,,,,Basel: MDPI AG,,,,,Publicly Available Content Database; ProQuest Central; DOAJ Directory of Open Access Journals,,https://pesquisa.b-on.pt/permalink/351BON_INST/cbhhhe/cdi_doaj_primary_oai_doaj_org_article_75476a69c0934b73aaacb68c1ff5089f
Explodox: unleashing exploit-DB data for automated exploits generation,,"d’Ambrosio, Nicola ; Pacchiano, Vittoria ; Perrone, Gaetano ; Romano, Simon Pietro",,"Journal of Computer Virology and Hacking Techniques, 2026-12, Vol.22 (1), p.49",,Automation ; Computer security ; Exploitation ; Knowledge management ; Software,,,"Penetration testing is a security technique used to simulate the actions of a malicious attacker, aiming to uncover weaknesses and assess potential consequences of cyber-attacks. However, conducting penetration tests can be challenging, requiring a deep understanding of vulnerabilities and ensuring that their exploitation does not disrupt business continuity. In particular, for exploiting vulnerabilities, security practitioners should reproduce the vulnerable system in a controlled environment, find “exploits”, i.e., software modules that allow the assessment of such vulnerabilities, configure the software modules by installing the required dependencies, and test the exploit. Despite several companies offering exploit databases containing many available exploits, there is no solution that automates all the setup steps in order to provide a collection of ready-to-use “zero-configuration” exploits. Current frameworks support a few manually curated exploits, whereas dependency resolution tools struggle to handle the complexity of real-world exploit code, which often contains ambiguous imports, version conflicts, and undocumented dependencies. Additionally, exploits are often released on public repositories by untrusted developers, which can lead to significant security risks. This paper presents ExploDox, a framework that combines knowledge graph-based dependency inference with lightweight and isolated containerization to enable scalable automation in the generation of sandboxed exploit environments. Our approach automatically resolves complex dependency relationships that traditional parsing methods cannot handle, while providing isolated, reproducible, and secure execution environments. ExploDox generated 2437 working exploits out of a total of 3346 Python exploits from Exploit-DB, achieving a 72.83% success rate and a median environment creation time of 1.88 s.",,,,,Heidelberg: Springer Nature B.V,,,,,SpringerLink Journals - AutoHoldings,,https://pesquisa.b-on.pt/permalink/351BON_INST/cbhhhe/cdi_proquest_journals_3351771682
Authentication Challenges and Solutions in Microservice Architectures,,"Aldea, Constantin Lucian ; Bocu, Razvan",,"Applied sciences, 2025-11, Vol.15 (22), p.12088",,Access control ; Authentication ; Communication ; Data integrity ; Internet of things ; Web applications,,,"In this paper, we examine the relevant vulnerabilities and security controls for ensuring the security of applications built on microservice architectures. Zero Trust security principles are used to conceptualize and implement a secure ecosystem using Spring Boot security components and Docker infrastructure. Relevant security controls are analyzed and a proof of concept was created. The combination of security controls in the Docker environment, the deployment of these controls, and the analysis of their impact will also be the focus of this paper.",,,,,Basel: MDPI AG,,,,,Publicly Available Content Database; ProQuest Central; DOAJ Directory of Open Access Journals,,https://pesquisa.b-on.pt/permalink/351BON_INST/cbhhhe/cdi_crossref_citationtrail_10_3390_app152212088
Too many images on DockerHub! How different are images for the same system?,,"Ibrahim, Md Hasan ; Sayagh, Mohammed ; Hassan, Ahmed E",,"Empirical software engineering : an international journal, 2020-09, Vol.25 (5), p.4250-4281",,Computer science ; Containers ; Platforms ; Software ; Translators,,,"Containerization is a technique used to encapsulate a software system and its dependencies into one isolated package, which is called a container. The goal of these containers is to deploy or replicate a software system on various platforms and environments without facing any compatibility or dependency issues. Developers can instantiate these containers from images using Docker; one of the most popular containerization platforms. Furthermore, many of these images are publicly available on DockerHub, on which developers can share their images with the community who in turn can leverage such publicly available image. However, DockerHub contains thousands of images for each software system, which makes the selection of an image a nontrivial task. In this paper, we investigate the differences among DockerHub images for five software systems and 936 images with the goal of helping Docker tooling creators and DockerHub better guide users select a suitable image. We observe that users tend to download the official images (images that are provided by Docker itself) when there exist a large number of image choices for each single software system on the community images (images that are provided by the community developers), which are in many cases more resource efficient (have less duplicate resources) and have less security vulnerabilities. In fact, we observe that 27% (median), 35% (median), 6% (median), and 9% (median) of the DockerHub Debian, Centos, Ubuntu, and Alpine based images are identical to another image across all the studied software systems. Furthermore, 26% (median), 49% (median), and 8% (median) of the Alpine, Debian, and Ubuntu based community images are more resource efficient than their respective official images across all the five studied software systems. 7% (median) of the community Debian based images have less security vulnerabilities than their respective official images across the four studied software systems, for which an official Debian based image exists. Unfortunately, the description of 78% of the studied images do not guide users when selecting an image (the description does not exist at all or it does not highlight the particularities of the image), we suggest that Docker tooling creators and DockerHub design approaches to distinguish DockerHub images and help users find the most suitable images for their needs.",,,,,New York: Springer US,,,,,SpringerLink Journals - AutoHoldings; ProQuest Central,,https://pesquisa.b-on.pt/permalink/351BON_INST/cbhhhe/cdi_springer_journals_10_1007_s10664_020_09873_0
Envyr: Instant Execution with Smart Inference,,"Chaudhry, Tanmay ; Garg, Abhay ; Pathak, Yogesh",,"Procedia computer science, 2024, Vol.238, p.1068-1073",,Containers ; Inference ; Packaging ; Sandboxes,,,"This paper introduces a novel framework that eliminates the often cumbersome ""build and install"" step when running software. Our framework packages a collection of techniques to automatically infer and generate sandboxes, specifically Linux containers, for running applications directly from their source code. This approach significantly simplifies software execution, improving developer productivity and promoting reuse. We demonstrate the framework’s effectiveness through real-world examples and use cases implemented in Python, NodeJS, and Bash.",,,,,Elsevier B.V,,,,,Elsevier ScienceDirect Journals Complete,,https://pesquisa.b-on.pt/permalink/351BON_INST/cbhhhe/cdi_crossref_primary_10_1016_j_procs_2024_06_136
CXXCrafter: An LLM-Based Agent for Automated C/C++ Open Source Software Building,,"Yu, Zhengmin ; Zhang, Yuan ; Wen, Ming ; Nie, Yinan ; Zhang, Wenhui ; Yang, Min",,"Proceedings of the ACM on software engineering, 2025-06, Vol.2 (FSE), p.2618-2640, Article FSE116",,,,,"Project building is pivotal to support various program analysis tasks, such as generating intermediate representation code for static analysis and preparing binary code for vulnerability reproduction. However, automating the building process for C/C++ projects is a highly complex endeavor, involving tremendous technical challenges, such as intricate dependency management, diverse build systems, varied toolchains, and multifaceted error handling mechanisms. Consequently, building C/C++ projects often proves to be difficult in practice, hindering the progress of downstream applications. Unfortunately, research on facilitating the building of C/C++ projects remains to be inadequate. The emergence of Large Language Models (LLMs) offers promising solutions to automated software building. Trained on extensive corpora, LLMs can help unify diverse build systems through their comprehension capabilities and address complex errors by leveraging tacit knowledge storage. Moreover, LLM-based agents can be systematically designed to dynamically interact with the environment, effectively managing dynamic building issues. Motivated by these opportunities, we first conduct an empirical study to systematically analyze the current challenges in the C/C++ project building process. Particularly, we observe that most popular C/C++ projects encounter an average of five errors when relying solely on the default build systems. Based on our study, we develop an automated build system called CXXCrafter to specifically address the above-mentioned challenges, such as dependency resolution. Our evaluation on open-source software demonstrates that CXXCrafter achieves a success rate of 78% in project building. Specifically, among the Top100 dataset, 72 projects are built successfully by both CXXCrafter and manual efforts, 3 by CXXCrafter only, and 14 manually only. Despite the slightly lower performance,CXXCrafter can save tremendous manual efforts and can also be easily applied to a wider range of applications automatically.",,,,,"New York, NY, USA: ACM",,,,,ACM Digital Library Complete,,https://pesquisa.b-on.pt/permalink/351BON_INST/cbhhhe/cdi_crossref_primary_10_1145_3729386
Bridging the Theory-Practice Gap in a Maintenance Programming Course: An Experience Report,,"Ouhbi, Sofia",,"IEEE/ACM International Conference on Software Engineering: Software Engineering Education and Training (Online), 2024, p.359-367",,Active learning ; Ciphers ; Maintenance ; Software maintenance ; Training,,,"This paper presents our experience in teaching a maintenance programming course with the aim of bridging the gap between theory and practice, a recurring issue in previous course offerings. To achieve this goal, we implemented active learning strategies within an active learning classroom setting and redesigned the project work. Our approach involves peer learning and teamwork activities to cover various aspects of legacy code maintenance. For the project work, we adopted an open-ended approach that allowed students to choose their legacy code projects, which could be open-source software or a previous software project they had worked on. Analysis of students' feedback and project reports highlighted the effectiveness of our approach in bridging the gap between theory and practice. We believe that our approach had the potential to enhance students' engagement and critical thinking abilities, as well as improve practical maintenance skills relevant to their future careers.",,,,,"New York, NY, USA: ACM",,,,,IEEE Xplore Open Access Journals; ACM Digital Library Complete,,https://pesquisa.b-on.pt/permalink/351BON_INST/cbhhhe/cdi_ieee_primary_10554707
CONTAIN4n6: a systematic evaluation of container artifacts,,"Mishra, Anand K. ; Pilli, Emmanuel S. ; Govil, Mahesh C.",,"Journal of cloud computing : advances, systems and applications, 2022-12, Vol.11 (1), p.1-14, Article 28",,Computer networks ; Computer science ; Computer security ; Containers ; Data Collection ; Libraries ; Logging ; Research ; Software,,,"A container provides an environment where applications are packaged and run with the supporting libraries and dependencies. Due to scalability and efficient software deployment, the popularity of container technology has increased and its services are also available on cloud platforms. The container environment is prone to a variety of threats and vulnerabilities that lead to security breaches and attacks. Investigation is required to analyze the attack and the digital forensics processes have also been implemented in the container environment. In this paper, we present a systematic evaluation of container artifacts. An interface named CONTAIN4n6 is developed to collect data from container environment that extracts the data using introspection libraries, container file systems, and is also capable to trace the system call of running container. The functionality of system calls traces is implemented in an open source containerization software, i.e, Moby project. Container’s artifacts are associated with environmental information, log files, directories, link files, repositories, etc. Data collected from multiple sources are stored in a database and created a hash values to maintain the integrity of collected data. A case study of privilege escalation attacks has been demonstrated which is used to validate the data collection tool, called, CONTAIN4n6. Research challenges associated with security and forensic investigations on containerized applications are also presented.",,,,,Berlin/Heidelberg: Springer Berlin Heidelberg,,,,,Springer Nature - Springer Nature Link Journals and eBooks - Fully Open Access; Publicly Available Content Database; ProQuest Central; DOAJ Directory of Open Access Journals; Springer Nature OA Free Journals,,https://pesquisa.b-on.pt/permalink/351BON_INST/cbhhhe/cdi_proquest_journals_2704122019
AI in the Software Development Lifecycle: Insights and Open Research Questions,,"Guimaraes, Everton ; Nascimento, Nathalia",,"Proceedings of the 33rd ACM International Conference on the Foundations of Software Engineering, 2025, p.1353-1357",,,,,"The rapid advancements in Artificial Intelligence (AI) and Large Language Models (LLMs) are reshaping software engineering and automating tasks such as code generation, debugging, testing, and maintenance. AI-powered tools (i.e. ChatGPT, DeepSeek), have demonstrated significant potential in enhancing developer productivity and accelerating software development processes. Integrating AI and LLMs into software engineering presents notable challenges despite these advancements. Concerns regarding the reliability of AI-generated code, security vulnerabilities, and the propagation of biases in training data pose substantial risks. Additionally, ethical considerations, including intellectual property rights, transparency, and the need for human oversight, highlight the complexities of AI adoption in critical software systems. The rapid evolution of these technologies requires continuous adaptation of software engineering methodologies to mitigate risks while maximizing benefits. This paper analyzes AI's role in software engineering, identifying key applications, challenges, and future research directions. We examine AI's impact across various phases of the software development lifecycle, This paper contributes to the ongoing discussion on AI-driven software engineering and outlines a research agenda for navigating this rapidly evolving field.",,,,,"New York, NY, USA: ACM",,,,,ACM Digital Library Complete,,https://pesquisa.b-on.pt/permalink/351BON_INST/cbhhhe/cdi_acm_books_10_1145_3696630_3730538_brief
"Sharing Software-Evolution Datasets: Practices, Challenges, and Recommendations",,"Broneske, David ; Kittan, Sebastian ; Krüger, Jacob",,"Proceedings of the ACM on software engineering, 2024-07, Vol.1 (FSE), p.2051-2074, Article 91",,,,,"Sharing research artifacts (e.g., software, data, protocols) is an immensely important topic for improving transparency, replicability, and reusability in research, and has recently gained more and more traction in software engineering. For instance, recent studies have focused on artifact reviewing, the impact of open science, and specific legal or ethical issues of sharing artifacts. Most of such studies are concerned with artifacts created by the researchers themselves (e.g., scripts, algorithms, tools) and processes for quality assuring these artifacts (e.g., through artifact-evaluation committees). In contrast, the practices and challenges of sharing software-evolution datasets (i.e., republished version-control data with person-related information) have only been scratched in such works. To tackle this gap, we conducted a meta study of software-evolution datasets published at the International Conference on Mining Software Repositories from 2017 until 2021 and snowballed a set of papers that build upon these datasets. Investigating 200 papers, we elicited what types of software-evolution datasets have been shared following what practices and what challenges researchers experienced with sharing or using the datasets. We discussed our findings with an authority on research-data management and ethics reviews through a semi-structured interview to put the practices and challenges into context. Through our meta study, we provide an overview of the sharing practices for software-evolution datasets and the corresponding challenges. The expert interview enriched this analysis by discussing how to solve the challenges and by defining recommendations for sharing software-evolution datasets in the future. Our results extend and complement current research, and we are confident that they can help researchers share software-evolution datasets (as well as datasets involving the same types of data) in a reliable, ethical, and trustworthy way.",,,,,"New York, NY, USA: ACM",,,,,ACM Digital Library Complete,,https://pesquisa.b-on.pt/permalink/351BON_INST/cbhhhe/cdi_acm_primary_3660798
A Web-Based Docker Image Assistant Generation Tool for User-PC Computing System,,"Aung, Lynn Htet ; Funabiki, Nobuo ; Aung, Soe Thandar ; Zhou, Xudong ; Xiang, Xu ; Kao, Wen-Chung",,"Information (Basel), 2023-05, Vol.14 (6), p.300",,Efficiency ; Methodology ; Methods ; Microcomputers ; Open source software ; Software ; Work environment,,,"Currently, we are developing the user-PC computing (UPC) system based on the master-worker model as a scalable, low-cost, and high-performance computing platform. To run various application programs on personal computers (PCs) with different environments for workers, it adopts Docker technology to bundle every necessary software as one image file. Unfortunately, the Docker file/image are manually generated through multiple steps by a user, which can be the bottleneck. In this paper, we present a web-based Docker image assistant generation (DIAG) tool in the UPC system to assist or reduce these process steps. It adopts Angular JavaScript for offering user interfaces, PHP Laravel for handling logic using RestAPI, MySQL database for storing data, and Shell scripting for speedily running the whole program. In addition, the worker-side code modification function is implemented so that a user can modify the source code of the running job and update the Docker image at a worker to speed up them. For evaluations, we collected 30 Docker files and 10 OpenFOAM jobs through reverse processing from Docker images in Github and generated the Docker images using the tool. Moreover, we modified source codes for network simulations and generated the Docker images in a worker five times. The results confirmed the validity of the proposal.",,,,,Basel: MDPI AG,,,,,Academic Search Ultimate [EBSCO]; Publicly Available Content Database; ProQuest Central; DOAJ Directory of Open Access Journals,,https://pesquisa.b-on.pt/permalink/351BON_INST/cbhhhe/cdi_gale_onefilemisc_PPIS_A758318019
Mining container image repositories for software configuration and beyond,,"Xu, Tianyin ; Marinov, Darko",,"2018 IEEE ACM 40th International Conference on Software Engineering New Ideas and Emerging Technologies Results (ICSE NIER), 2018, p.49-52",,Containers ; Data mining ; Testing,,,"This paper introduces the idea of mining container image repositories for configuration and other deployment information of software systems. Unlike traditional software repositories (e.g., source code repositories and app stores), image repositories encapsulate the entire execution ecosystem for running target software, including its configurations, dependent libraries and components, and OS-level utilities, which contributes to a wealth of data and information. We showcase the opportunities based on concrete software engineering tasks that can benefit from mining image repositories. To facilitate future mining efforts, we summarize the challenges of analyzing image repositories and the approaches that can address these challenges. We hope that this paper will stimulate exciting research agenda of mining this emerging type of software repositories.",,,,,"New York, NY, USA: ACM",,,,,IEEE Proceedings Order Plans (POP All) 1998-Present; ACM Digital Library Complete,,https://pesquisa.b-on.pt/permalink/351BON_INST/cbhhhe/cdi_acm_books_10_1145_3183399_3183403
Model-driven Generation of Microservice Architectures for Benchmarking Performance and Resilience Engineering Approaches,,"Düllmann, Thomas F. ; van Hoorn, André",,"Proceedings of the 8th ACM/SPEC on International Conference on Performance Engineering Companion, 2017, p.171-172",,,,,"Microservice architectures are steadily gaining adoption in industrial practice. At the same time, performance and resilience are important properties that need to be ensured. Even though approaches for performance and resilience have been developed (e.g., for anomaly detection and fault tolerance), there are no benchmarking environments for their evaluation under controlled conditions. In this paper, we propose a generative platform for benchmarking performance and resilience engineering approaches in microservice architectures, comprising an underlying metamodel, a generation platform, and supporting services for workload generation, problem injection, and monitoring.",,,,,"New York, NY, USA: ACM",,,,,ACM Digital Library Complete,,https://pesquisa.b-on.pt/permalink/351BON_INST/cbhhhe/cdi_acm_books_10_1145_3053600_3053627_brief
Static Vulnerability Analysis of Docker Images,,"Jain, Vipin ; Singh, Baldev ; Khenwar, Medha ; Sharma, Milind",,"IOP conference series. Materials Science and Engineering, 2021-04, Vol.1131 (1), p.12018",,Containers,,,"Many organizations are renovating their businesses by grasping DevOps, microservices, and container technologies. Docker is emerged as a new technology, proving an efficient means to develop and deploy applications. Docker containers are created by images to run an application with all its dependencies so that it could run isolated from other processes. Security is always being a foremost concern as our industries are already persistent to improve the reliability and efficiency of new software applications. Security of local Docker containers from the attacks of malicious containers, perceived threats present in Docker images need to be detected and the risks identified when instances of Docker containers run on the host machine. This paper reviews Docker’s existing security mechanisms, vulnerabilities, threats and the related tools required for static security analysis.",,,,,Bristol: IOP Publishing,,,,,Institute of Physics Open Access Journal Titles; Publicly Available Content Database; ProQuest Central,,https://pesquisa.b-on.pt/permalink/351BON_INST/cbhhhe/cdi_crossref_citationtrail_10_1088_1757_899X_1131_1_012018
On the Reproducibility of Software Defect Datasets,,"Zhu, Hao-Nan ; Rubio-González, Cindy",,"Proceedings / International Conference on Software Engineering, 2023, p.2324-2335",,Reproducibility of Results ; Software ; Software maintenance,,,"Software defect datasets are crucial to facilitating the evaluation and comparison of techniques in fields such as fault localization, test generation, and automated program repair. However, the reproducibility of software defect artifacts is not immune to breakage. In this paper, we conduct a study on the reproducibility of software defect artifacts. First, we study five state-of-the-art Java defect datasets. Despite the multiple strategies applied by dataset maintainers to ensure reproducibility, all datasets are prone to breakages. Second, we conduct a case study in which we systematically test the reproducibility of 1,795 software artifacts during a 13-month period. We find that 62.6% of the artifacts break at least once, and 15.3% artifacts break multiple times. We manually investigate the root causes of breakages and handcraft 10 patches, which are automatically applied to 1,055 distinct artifacts in 2,948 fixes. Based on the nature of the root causes, we propose automated dependency caching and artifact isolation to prevent further breakage. In particular, we show that isolating artifacts to eliminate external dependencies increases reproducibility to 95% or higher, which is on par with the level of reproducibility exhibited by the most reliable manually curated dataset.",,,,,"Piscataway, NJ, USA: IEEE Press",,,,,IEEE Proceedings Order Plans (POP All) 1998-Present; ACM Digital Library Complete,,https://pesquisa.b-on.pt/permalink/351BON_INST/cbhhhe/cdi_acm_books_10_1109_ICSE48619_2023_00195_brief
Studying the Practices of Deploying Machine Learning Projects on Docker,,"Openja, Moses ; Majidi, Forough ; Khomh, Foutse ; Chembakottu, Bhagya ; Li, Heng; Staron, Miroslaw ; Berger, Christian ; Simmonds, Jocelyn ; Prikladnicki, Rafael",,"Proceedings of the International Conference on Evaluation and Assessment in Software Engineering 2022, 2022, p.190-200",,,,,"Docker is a containerization service that allows for convenient deployment of websites, databases, applications’ APIs, and machine learning (ML) models with a few lines of code. Studies have recently explored the use of Docker for deploying general software projects with no specific focus on how Docker is used to deploy ML-based projects. In this study, we conducted an exploratory study to understand how Docker is being used to deploy ML-based projects. As the initial step, we examined the categories of ML-based projects that use Docker. We then examined why and how these projects use Docker, and the characteristics of the resulting Docker images. Our results indicate that six categories of ML-based projects use Docker for deployment, including ML Applications, MLOps/ AIOps, Toolkits, DL Frameworks, Models, and Documentation. We derived the taxonomy of 21 major categories representing the purposes of using Docker, including those specific to models such as model management tasks (e.g., testing, training). We then showed that ML engineers use Docker images mostly to help with the platform portability, such as transferring the software across the operating systems, runtimes such as GPU, and language constraints. However, we also found that more resources may be required to run the Docker images for building ML-based software projects due to the large number of files contained in the image layers with deeply nested directories. We hope to shed light on the emerging practices of deploying ML software projects using containers and highlight aspects that should be improved.",,,,,"New York, NY, USA: ACM",,,,,ACM Digital Library Complete,,https://pesquisa.b-on.pt/permalink/351BON_INST/cbhhhe/cdi_acm_books_10_1145_3530019_3530039
Challenges in Docker Development: A Large-scale Study Using Stack Overflow,,"Haque, Mubin Ul ; Iwaya, Leonardo Horn ; Babar, M. Ali",,"Proceedings of the 14th ACM / IEEE International Symposium on Empirical Software Engineering and Measurement (ESEM), 2020, p.1-11",,Computer science ; Computer software ; Natural Language Processing ; Software engineering,,,"Background: Docker technology has been increasingly used among software developers in a multitude of projects. This growing interest is due to the fact that Docker technology supports a convenient process for creating and building containers, promoting close cooperation between developer and operations teams, and enabling continuous software delivery. As a fast-growing technology, it is important to identify the Docker-related topics that are most popular as well as existing challenges and difficulties that developers face.
Aims: This paper presents a large-scale empirical study identifying practitioners' perspectives on Docker technology by mining posts from the Stack Overflow (SoF) community. Method: A dataset of 113, 922 Docker-related posts was created based on a set of relevant tags and contents. The dataset was cleaned and prepared. Topic modelling was conducted using Latent Dirichlet Allocation (LDA), allowing the identification of dominant topics in the domain. Results: Our results show that most developers use SoF to ask about a broad spectrum of Docker topics including framework development, application deployment, continuous integration, web-server configuration and many more. We determined that 30 topics that developers discuss can be grouped into 13 main categories. Most of the posts belong to categories of application development, configuration, and networking. On the other hand, we find that the posts on monitoring status, transferring data, and authenticating users are more popular among developers compared to the other topics. Specifically, developers face challenges in web browser issues, networking error and memory management. Besides, there is a lack of experts in this domain. Conclusion: Our research findings will guide future work on the development of new tools and techniques, helping the community to focus efforts and understand existing trade-offs on Docker topics.",,,,,"New York, NY, USA: ACM",,,,,ACM Digital Library Complete,,https://pesquisa.b-on.pt/permalink/351BON_INST/cbhhhe/cdi_acm_books_10_1145_3382494_3410693_brief
Multi-language Software Development in the LLM Era: Insights from Practitioners’ Conversations with ChatGPT,,"Aguiar, Lucas ; Paixao, Matheus ; Carmo, Rafael ; Soares, Edson ; Leal, Antonio ; Freitas, Matheus ; Gama, Eliakim; Franch, Xavier ; Daneva, Maya ; Martínez-Fernández, Silverio ; Quaranta, Luigi",,"Proceedings of the 18th ACM/IEEE International Symposium on Empirical Software Engineering and Measurement, 2024, p.489-495",,,,,"Non-trivial software systems are commonly developed using more than a single programming language. However, multi-language development is not straightforward. Nowadays, tools powered by Large Language Models (LLMs), such as ChatGPT, have been shown to successfully assist practitioners in several aspects of software development. This paper reports a preliminary study aimed to investigate to what extent ChatGPT is being used in multi-language development scenarios. Hence, we leveraged DevGPT, a dataset of conversations between software practitioners and ChatGPT. In total, we studied data from 3,584 conversations, comprising a total of 18,862 code snippets. Our analyses show that only 18.33% of the code snippets suggested by ChatGPT are written in the same programming language as the primary language in the repository where the conversation was shared. In an in-depth analysis, we observed expected scenarios, such as 31.54% of JavaScript snippets being suggested in CSS repositories However, we also unveiled surprising ones, such as Python snippets being largely suggested in C++ repositories. After a qualitative open card sorting of the conversations, we found that in 70% of them developers were asking for coding support while in 57% developers used ChatGPT as a tool to generate code. Our initial results indicate that not only LLMs are being used in multi-language development but also showcase the contexts in which such tools are assisting developers.",,,,,"New York, NY, USA: ACM",,,,,ACM Digital Library Complete,,https://pesquisa.b-on.pt/permalink/351BON_INST/cbhhhe/cdi_acm_books_10_1145_3674805_3690755
InfraFix: Technology-Agnostic Repair of Infrastructure as Code,,"Saavedra, Nuno ; Ferreira, João F. ; Mendes, Alexandra",,"Proceedings of the 34th ACM SIGSOFT International Symposium on Software Testing and Analysis, 2025, p.41-45",,,,,"Infrastructure as Code (IaC) enables scalable and automated IT infrastructure management but is prone to errors that can lead to security vulnerabilities, outages, and data loss. While prior research has focused on detecting IaC issues, Automated Program Repair (APR) remains underexplored, largely due to the lack of suitable specifications. In this work, we propose InfraFix, the first technology-agnostic framework for repairing IaC scripts. Unlike prior approaches, InfraFix allows APR techniques to be guided by diverse information sources. Additionally, we introduce a novel approach for generating repair scenarios, enabling large-scale evaluation of APR techniques for IaC. We implement and evaluate InfraFix using an SMT-based repair module and a state inference module that uses system calls, demonstrating its effectiveness across 254,288 repair scenarios with a success rate of 95.7%. Our work provides a foundation for advancing APR in IaC by enabling researchers to experiment with new state inference and repair techniques using InfraFix and to evaluate their approaches at scale with our repair scenario generation method.",,,,,"New York, NY, USA: ACM",,,,,ACM Digital Library Complete,,https://pesquisa.b-on.pt/permalink/351BON_INST/cbhhhe/cdi_acm_books_10_1145_3713081_3731735
Perspectives and Experiences Supporting Containers for Research Computing at the Texas Advanced Computing Center,,"Ferlanti, Erik ; Allen, William J. ; Lima, Ernesto A. B. F. ; Wang, Yinzhi ; Fonner, John M.",,"Proceedings of the SC '23 Workshops of the International Conference on High Performance Computing, Network, Storage, and Analysis, 2023, p.155-164",,,,,"Containers are becoming essential to support the diversity of scientific computing workloads at academic computing centers. Here, we offer perspectives and experiences from the Texas Advanced Computing Center on: the installation, configuration, and support of select containerization platforms; incorporation of containers into the module system to improve their discoverability and usability; facilitation of advanced use cases including MPI containers, GPU containers, and support for multiple instruction set architectures; and finally instruction on best practices to end users through workshops and university courses. We will briefly discuss case studies that highlight the importance of supporting containers for research computing.",,,,,"New York, NY, USA: ACM",,,,,ACM Digital Library Complete,,https://pesquisa.b-on.pt/permalink/351BON_INST/cbhhhe/cdi_acm_books_10_1145_3624062_3624587
TAMVE: Properties of Design Technologies to Address Challenges to Software Design in the Era of Agility and Frameworks,,"Lethbridge, Timothy",,"2024 IEEE/ACM International Workshop on Designing Software (Designing), 2024, p.56-59",,Congresses and conventions ; Meetings ; Modeling ; Software ; Software Design ; Terminology ; Visualization,,,"It has been over 20 years since software design started the transition from the era of big design documents to the era where agility and the use of sophisticated frameworks has become standard. Design in both eras faced challenges: Big documents are rarely maintained properly; agility results in design either being skipped, lost, or dispersed into multiple small files; frameworks such as Ruby on Rails tend to impose a design on the system, encouraging developers to jump into coding. In this position paper, we suggest how design technologies and notations should have five properties that would help overcome many of the challenges to design in the current era. They should be Textual, Analysable, Multi-technology, Visualizable and Example-rich; we use the acronym TAMVE as a mnemonic for this. We explain how the Umple technology goes a considerable distance towards this achieving the TAMVE vision.",,,,,"New York, NY, USA: ACM",,,,,ACM Digital Library Complete,,https://pesquisa.b-on.pt/permalink/351BON_INST/cbhhhe/cdi_acm_books_10_1145_3643660_3643945_brief
HL7 FHIR with SNOMED-CT to Achieve Semantic and Structural Interoperability in Personal Health Data: A Proof-of-Concept Study,,"Chatterjee, Ayan ; Pahari, Nibedita ; Prinz, Andreas",,"Sensors (Basel, Switzerland), 2022-05, Vol.22 (10), p.3756",,"Chronic diseases ; Communication ; Electronic Health Records ; Electronic records ; Evidence-based medicine ; Health Records, Personal ; Medical care ; Medical informatics ; Medical records ; Middleware ; Ontology ; Patients ; Proof of Concept Study ; Semantics ; Systematized Nomenclature of Medicine",,,"Heterogeneity is a problem in storing and exchanging data in a digital health information system (HIS) following semantic and structural integrity. The existing literature shows different methods to overcome this problem. Fast healthcare interoperable resources (FHIR) as a structural standard may explain other information models, (e.g., personal, physiological, and behavioral data from heterogeneous sources, such as activity sensors, questionnaires, and interviews) with semantic vocabularies, (e.g., Systematized Nomenclature of Medicine—Clinical Terms (SNOMED-CT)) to connect personal health data to an electronic health record (EHR). We design and develop an intuitive health coaching (eCoach) smartphone application to prove the concept. We combine HL7 FHIR and SNOMED-CT vocabularies to exchange personal health data in JavaScript object notion (JSON). This study explores and analyzes our attempt to design and implement a structurally and logically compatible tethered personal health record (PHR) that allows bidirectional communication with an EHR. Our eCoach prototype implements most PHR-S FM functions as an interoperability quality standard. Its end-to-end (E2E) data are protected with a TSD (Services for Sensitive Data) security mechanism. We achieve 0% data loss and 0% unreliable performances during data transfer between PHR and EHR. Furthermore, this experimental study shows the effectiveness of FHIR modular resources toward flexible management of data components in the PHR (eCoach) prototype.",,,,,Switzerland: MDPI AG,,,,,Academic Search Complete; Academic Search Ultimate [EBSCO]; Publicly Available Content Database; ProQuest Central; DOAJ Directory of Open Access Journals,,https://pesquisa.b-on.pt/permalink/351BON_INST/cbhhhe/cdi_proquest_journals_2670383209
Identifying Logging Practices in Open Source Python Containerized Application Projects,,"Alves, Marco ; Paula, Hugo",,"Brazilian Symposium on Software Engineering, 2021, p.16-20",,,,,"Despite the popularity of microservice architectures using container based virtualization, there are not many studies that describe how logging practices are being employed in this scenario. In this empirical study, we cloned 10,918 of the most stargazed GitHub Python repositories with a Docker/Kubernetes associated file. We were able to find 1,166 Python projects that used containers. A custom parser identified and saved log statements from Python source code. We discovered that certain licenses tend to have a higher log density; over 99% of projects use the built-in Python logging library; the repository age does not affect its log statements/LLOC ratio; logging verbosity levels debug and info are used almost twice as much as warning and error. We hope our study provides the community with useful data about this topic, possibly contributing to the improvement of techniques that stimulate its applications.",,,,,"New York, NY, USA: ACM",,,,,ACM Digital Library Complete,,https://pesquisa.b-on.pt/permalink/351BON_INST/cbhhhe/cdi_acm_books_10_1145_3474624_3474631
Building deduplicated model repositories to assess domain-specific languages evolution,,"Lachance, Alexandre ; Mosser, Sebastien",,"Proceedings of the ACM/IEEE 27th International Conference on Model Driven Engineering Languages and Systems, 2024, p.1025-1034",,,,,"Software evolution and maintenance is a real challenge in modern software engineering. In the context of model-driven development, which heavily rely on interconnected (meta-)models, tools and generators, evolving both models and their associated meta-models is particularly complex. This issue is also prevalent in language engineering, where evolving a language's grammar or semantics must remain consistent with the pre-existing models. In this paper, we explore how techniques inspired by repository mining can help a model designer/language engineer to build a deduplicated dataset of existing models available in open source repositories. Deduplication is essential to ensure the evolution made on the meta-model/language can be efficiently assessed. We apply the method to the P4 language, an industrial domain-specific language (Intel, Linux foundation) used to model software defined networks.",,,,,"New York, NY, USA: ACM",,,,,ACM Digital Library Complete,,https://pesquisa.b-on.pt/permalink/351BON_INST/cbhhhe/cdi_acm_books_10_1145_3652620_3688338
Practical guide for managing large-scale human genome data in research,,"Tanjo, Tomoya ; Kawai, Yosuke ; Tokunaga, Katsushi ; Ogasawara, Osamu ; Nagasaki, Masao",,"Journal of human genetics, 2021-01, Vol.66 (1), p.39-52",,Bioinformatics ; Data processing ; Genomes ; Human beings ; Human Genome Project ; Reproducibility of Results ; Review ; Software ; Whole Genome Sequencing,,,"Studies in human genetics deal with a plethora of human genome sequencing data that are generated from specimens as well as available on public domains. With the development of various bioinformatics applications, maintaining the productivity of research, managing human genome data, and analyzing downstream data is essential. This review aims to guide struggling researchers to process and analyze these large-scale genomic data to extract relevant information for improved downstream analyses. Here, we discuss worldwide human genome projects that could be integrated into any data for improved analysis. Obtaining human whole-genome sequencing data from both data stores and processes is costly; therefore, we focus on the development of data format and software that manipulate whole-genome sequencing. Once the sequencing is complete and its format and data processing tools are selected, a computational platform is required. For the platform, we describe a multi-cloud strategy that balances between cost, performance, and customizability. A good quality published research relies on data reproducibility to ensure quality results, reusability for applications to other datasets, as well as scalability for the future increase of datasets. To solve these, we describe several key technologies developed in computer science, including workflow engine. We also discuss the ethical guidelines inevitable for human genomic data analysis that differ from model organisms. Finally, the future ideal perspective of data processing and analysis is summarized.",,,,,England: Nature Publishing Group,,,,,ProQuest Central,,https://pesquisa.b-on.pt/permalink/351BON_INST/cbhhhe/cdi_proquest_journals_2473303459
Automatic non-functional testing of code generators families,,"Boussaa, Mohamed ; Barais, Olivier ; Baudry, Benoit ; Sunyé, Gerson",,"Proceedings of the 2016 ACM SIGPLAN International Conference on Generative Programming: Concepts and Experiences, 2016, p.202-212",,,,,"The intensive use of generative programming techniques provides an elegant engineering solution to deal with the heterogeneity of platforms and technological stacks. The use of domain-specific languages for example, leads to the creation of numerous code generators that automatically translate highlevel system specifications into multi-target executable code. Producing correct and efficient code generator is complex and error-prone. Although software designers provide generally high-level test suites to verify the functional outcome of generated code, it remains challenging and tedious to verify the behavior of produced code in terms of non-functional properties. This paper describes a practical approach based on a runtime monitoring infrastructure to automatically check the potential inefficient code generators. This infrastructure, based on system containers as execution platforms, allows code-generator developers to evaluate the generated code performance. We evaluate our approach by analyzing the performance of Haxe, a popular high-level programming language that involves a set of cross-platform code generators. Experimental results show that our approach is able to detect some performance inconsistencies that reveal real issues in Haxe code generators.",,,,,"New York, NY, USA: ACM",,,,,ACM Digital Library Complete,,https://pesquisa.b-on.pt/permalink/351BON_INST/cbhhhe/cdi_acm_books_10_1145_2993236_2993256
AI-NativeBench: An Open-Source White-Box Agentic Benchmark Suite for AI-Native Systems,,"Wang, Zirui ; Yu, Guangba ; Lyu, Michael R.",,"ACM transactions on software engineering and methodology, 2026-07",,,,,"The transition from Cloud-Native to AI-Native architectures is fundamentally reshaping software engineering, replacing deterministic microservices with probabilistic agentic services. However, this shift renders traditional black-box evaluation paradigms insufficient: existing benchmarks measure raw model capabilities while remaining blind to system-level execution dynamics. To bridge this gap, we introduce AI-NativeBench, the first application-centric and white-box AI-Native benchmark suite grounded in Model Context Protocol (MCP) and Agent-to-Agent (A2A) standards. By treating agentic spans as first-class citizens within distributed traces, our methodology enables granular analysis of engineering characteristics beyond simple capabilities. Leveraging this benchmark across 21 system variants, we uncover critical engineering realities invisible to traditional metrics: a parameter paradox where lightweight models often surpass flagships in protocol adherence, a pervasive inference dominance that renders protocol overhead secondary, and an expensive failure pattern where self-healing mechanisms paradoxically act as cost multipliers on unviable workflows. This work provides the first systematic evidence to guide the transition from measuring model capability to engineering reliable AI-Native systems. To facilitate reproducibility and further research, we have open-sourced the benchmark and dataset.",,,,,,,,,,ACM Digital Library Complete,,https://pesquisa.b-on.pt/permalink/351BON_INST/cbhhhe/cdi_crossref_primary_10_1145_3821576
A Large Scale Empirical Analysis on the Adherence Gap between Standards and Tools in SBOM,,"Wang, Chengjie ; Wu, Jingzheng ; Lyu, Hao ; Ling, Xiang ; Luo, Tianyue ; Wu, Yanjun ; Zhao, Chen",,"ACM transactions on software engineering and methodology, 2026-01",,,,,"A Software Bill of Materials (SBOM) is a machine-readable artifact that systematically organizes software information, enhancing supply chain transparency and security. To facilitate the exchange and utilization of SBOMs, organizations such as the Linux Foundation and OWASP have proposed SBOM standards. Following standards, organizations have developed tools for generating and utilizing SBOMs. However, limited research has examined the adherence of these SBOM tools to standard specifications, a gap that could lead to compliance failures and disruptions in SBOM utilization. This paper presents the first large-scale, two-stage empirical analysis of the adherence gap, using our automated evaluation framework, SAP . The evaluation, comprising a baseline evaluation and a one-year longitudinal follow-up, covers 55,444 SBOMs generated by six SBOM tools from 3,287 real-world repositories. Our analysis reveals persistent, fundamental limitations in current SBOM tools: (1) inadequate compliance support with policy requirements; (2) poor tool consistencies, including inter-tool consistency rates as low as 7.84% to 12.77% for package detection across languages, and significant longitudinal inconsistency, where tools show low consistency with their own prior versions; and (3) mediocre to poor accuracy for detailed software information, e.g. , accuracy of package licenses below 20%. We analyze the root causes of these gaps and provide practical solutions. All the code, replication docker image, evaluation results are open sourced at GitHub and Zenodo 1 for further researches.",,,,,,,,,,ACM Digital Library Complete,,https://pesquisa.b-on.pt/permalink/351BON_INST/cbhhhe/cdi_crossref_primary_10_1145_3788692
Security issues in python open-source software: a mining study from GitHub,,"Nocera, Sabato ; Romano, Simone ; Francese, Rita ; Scanniello, Giuseppe",,"Empirical software engineering : an international journal, 2026-06, Vol.31 (6), p.174",,Artificial intelligence ; Computer science ; Open source software ; Practice Guidelines as Topic ; Translators,,,"Context
Security issues in Open-Source (OS) software systems emerge from everyday coding activities carried out by developers. As security best practices evolve toward “shift-left” paradigms—emphasizing early and continuous integration of security into the development process—understanding how these issues are introduced and fixed has become increasingly important.
Objective
Our primary goal is to study the spread and evolution of security issues that lie in the source code of OS Python software systems at commit level.
Method
We conducted a mining study in which we quantitatively analyzed the commit histories of 361 OS Python software systems, whose repositories were publicly available on
GitHub
, for a total of 380,931 commits analyzed. To identify security issues at the commit level, we used
SonarQube
, a popular and widely used both in academic and industrial contexts
Static Application Security Testing
(
SAST
) tool.
Results
We observed that security issues are spread in OS Python software systems (on average, there are about 14 security issues per commit) and tend to survive for 11 days and 14 commits. Critical security issues, despite their high severity level, are the most spread and tend to survive the most. Furthermore, we noticed that 55 kinds of security issues—belonging to 62
OWASP Top 10
and
CWE
security classes—were introduced, and the top six (per number of introductions) are mostly critical and account for 77% of all introduced security issues.
Conclusions
Python developers need to give utmost importance to security issues, particularly critical ones. To that end, we can suggest developers that use secure coding practices, automated tools, or even
DevSecOps
to limit/avoid the introduction of security issues into their source code or fix them as soon as possible.",,,,,New York: Springer US,,,,,SpringerLink Journals - AutoHoldings,,https://pesquisa.b-on.pt/permalink/351BON_INST/cbhhhe/cdi_springer_journals_10_1007_s10664_026_10890_8
Continuous A/B Testing in Containers,,"Révész, Ádám ; Pataki, Norbert",,"Proceedings of the 2019 2nd International Conference on Geoinformatics and Data Analysis, 2019, p.11-14",,,,,"Software version ranking plays an important role in improved user experience and software quality. A/B testing is a technique to distinguish between the popularity and usability of two quite similar versions (A and B) of a product, marketing strategy, search ad, etc. It is a kind of two-sample hypothesis testing, used in the field of statistics. This controlled experiment can evaluate user engagement or satisfaction with a new service, feature, or product. A/B testing is typically used in evaluation of user-experience design in software technology. DevOps is an emerging software methodology in which the development and operations are not independent processes, they affect each other. DevOps emphasizes the usage of virtualization technologies (e.g. containers). Docker is widely-used technology for containerization. In this paper, we deal with a new approach for regular A/B testing via Docker containers. Our solution provides an API that can be available from many DevOps tools. This approach is DevOps-style A/B testing because after the evaluation the better version remains in production.",,,,,"New York, NY, USA: ACM",,,,,ACM Digital Library Complete,,https://pesquisa.b-on.pt/permalink/351BON_INST/cbhhhe/cdi_acm_books_10_1145_3318236_3318254
Serverless High-Performance Computing over Cloud,,"Petrosyan, Davit ; Astsatryan, Hrachya",,"Cybernetics and information technologies : CIT, 2022-09, Vol.22 (3), p.82-92",,Containerization,,,"HPC clouds may provide fast access to fully configurable and dynamically scalable virtualized HPC clusters to address the complex and challenging computation and storage-intensive requirements. The complex environmental, software, and hardware requirements and dependencies on such systems make it challenging to carry out our large-scale simulations, prediction systems, and other data and compute-intensive workloads over the cloud. The article aims to present an architecture that enables HPC workloads to be serverless over the cloud (Shoc), one of the most critical cloud capabilities for HPC workloads. On one hand, Shoc utilizes the abstraction power of container technologies like Singularity and Docker, combined with the scheduling and resource management capabilities of Kubernetes. On the other hand, Shoc allows running any CPU-intensive and data-intensive workloads in the cloud without needing to manage HPC infrastructure, complex software, and hardware environment deployments.",,,,,Sofia: Sciendo,,,,,Walter De Gruyter: Open Access Journals; Publicly Available Content Database; ProQuest Central; DOAJ Directory of Open Access Journals,,https://pesquisa.b-on.pt/permalink/351BON_INST/cbhhhe/cdi_proquest_journals_3155049853
Sharing interoperable workflow provenance: A review of best practices and their practical application in CWLProv,,"Khan, Farah Zaib ; Soiland-Reyes, Stian ; Sinnott, Richard O ; Lonie, Andrew ; Goble, Carole ; Crusoe, Michael R",,"Gigascience, 2019-11, Vol.8 (11)",,Automation ; Data Analysis ; Design ; Genomics ; Human beings ; Information storage and retrieval systems ; Mathematical models ; Practice Guidelines as Topic ; Research ; Software ; Workflow,,,"Abstract
Background
The automation of data analysis in the form of scientific workflows has become a widely adopted practice in many fields of research. Computationally driven data-intensive experiments using workflows enable automation, scaling, adaptation, and provenance support. However, there are still several challenges associated with the effective sharing, publication, and reproducibility of such workflows due to the incomplete capture of provenance and lack of interoperability between different technical (software) platforms.
Results
Based on best-practice recommendations identified from the literature on workflow design, sharing, and publishing, we define a hierarchical provenance framework to achieve uniformity in provenance and support comprehensive and fully re-executable workflows equipped with domain-specific information. To realize this framework, we present CWLProv, a standard-based format to represent any workflow-based computational analysis to produce workflow output artefacts that satisfy the various levels of provenance. We use open source community-driven standards, interoperable workflow definitions in Common Workflow Language (CWL), structured provenance representation using the W3C PROV model, and resource aggregation and sharing as workflow-centric research objects generated along with the final outputs of a given workflow enactment. We demonstrate the utility of this approach through a practical implementation of CWLProv and evaluation using real-life genomic workflows developed by independent groups.
Conclusions
The underlying principles of the standards utilized by CWLProv enable semantically rich and executable research objects that capture computational workflows with retrospective provenance such that any platform supporting CWL will be able to understand the analysis, reuse the methods for partial reruns, or reproduce the analysis to validate the published findings.",,,,,United States: Oxford University Press,,,,,Academic Search Ultimate [EBSCO]; Oxford Journals Open Access Collection; DOAJ Directory of Open Access Journals,,https://pesquisa.b-on.pt/permalink/351BON_INST/cbhhhe/cdi_crossref_citationtrail_10_1093_gigascience_giz095
DockerizeMe: Automatic Inference of Environment Dependencies for Python Code Snippets,,"Horton, Eric ; Parnin, Chris",,"Proceedings / International Conference on Software Engineering, 2019, p.328-338",,Configuration management ; Indexes ; Libraries ; Task analysis ; Wheels,,,"Platforms like Stack Overflow and GitHub's gist system promote the sharing of ideas and programming techniques via the distribution of code snippets designed to illustrate particular tasks. Python, a popular and fast-growing programming language, sees heavy use on both sites, with nearly one million questions asked on Stack Overflow and 400 thousand public gists on GitHub. Unfortunately, around 75% of the Python example code shared through these sites cannot be directly executed. When run in a clean environment, over 50% of public Python gists fail due to an import error for a missing library. We present DockerizeMe, a technique for inferring the dependencies needed to execute a Python code snippet without import error. DockerizeMe starts with offline knowledge acquisition of the resources and dependencies for popular Python packages from the Python Package Index (PyPI). It then builds Docker specifications using a graph-based inference procedure. Our inference procedure resolves import errors in 892 out of nearly 3,000 gists from the Gistable dataset for which Gistable's baseline approach could not find and install all dependencies.",,,,,IEEE,,,,,IEEE Proceedings Order Plans (POP All) 1998-Present,,https://pesquisa.b-on.pt/permalink/351BON_INST/cbhhhe/cdi_ieee_primary_8811897
Automatizing the creation of specialized high-performance computing containers,,"Ejarque, Jorge ; Badia, Rosa M",,"The international journal of high performance computing applications, 2023-07, Vol.37 (3-4), p.272-287",,Automation ; High performance computing ; Supercomputers,,,"With Exascale computing already here, supercomputers are systems every time larger, more complex, and heterogeneous. While expert system administrators can install and deploy applications in the systems correctly, this is something that general users can not usually do. The eFlows4HPC project aims to provide methodologies and tools to enable the use and reuse of application workflows. One of the aspects that the project focuses on is simplifying the application deployment in large and complex systems. The approach uses containers, not generic ones, but containers tailored for each target High-Performance Computing (HPC) system. This paper presents the Container Image Creation service developed in the framework of the project and experimentation based on project applications. We compare the performance of the specialized containers against generic containers and against a native installation. The results show that in almost all cases, the specialized containers outperform the generic ones (up to 2× faster), and in all cases, the performance is the same as with the native installation.",,,,,"London, England: SAGE Publications",,,,,Sage Journals,,https://pesquisa.b-on.pt/permalink/351BON_INST/cbhhhe/cdi_sage_journals_10_1177_10943420231165729
From Monolithic Systems to Microservices: A Comparative Study of Performance,,"Tapia, Freddy ; Mora, Miguel Ángel ; Fuertes, Walter ; Aules, Hernán ; Flores, Edwin ; Toulkeridis, Theofilos",,"Applied sciences, 2020-09, Vol.10 (17), p.5797",,Architecture ; Containers ; Costs ; Mathematical models ; Reaction time ; Software ; Versification,,,"Currently, organizations face the need to create scalable applications in an agile way that impacts new forms of production and business organization. The traditional monolithic architecture no longer meets the needs of scalability and rapid development. The efficiency and optimization of human and technological resources prevail; this is why companies must adopt new technologies and business strategies. However, the implementation of microservices still encounters several challenges, such as the consumption of time and computational resources, scalability, orchestration, organization problems, and several further technical complications. Although there are procedures that facilitate the migration from a monolithic architecture to micro-services, none of them accurately quantifies performance differences. The current study aims primarily to analyze some related work that evaluated both architectures. Furthermore, we assess the performance and relationship between different variables of an application that runs in a monolithic structure compared to one of the micro-services. With this, the state-of-the-art review was initially conducted, which confirms the interest of the industry. Subsequently, two different scenarios were evaluated: the first one comprises a web application based on a monolithic architecture that operates on a virtual server with KVM, and the second one demonstrates the same web application based on a microservice architecture, but it runs in containers. Both situations were exposed to stress tests of similar characteristics and with the same hardware resources. For their validation, we applied the non-parametric regression mathematical model to explain the dependency relationship between the performance variables. The results provided a quantitative technical interpretation with precision and reliability, which can be applied to similar issues.",,,,,Basel: MDPI AG,,,,,Publicly Available Content Database; ProQuest Central; DOAJ Directory of Open Access Journals,,https://pesquisa.b-on.pt/permalink/351BON_INST/cbhhhe/cdi_proquest_journals_2437268966
WebAssembly Orchestration in the Context of Serverless Computing,,"Kjorveziroski, Vojdan ; Filiposka, Sonja",,"Journal of network and systems management, 2023-07, Vol.31 (3), p.62, Article 62",,Cold ; Computer networks ; Computer science ; Containers ; Internet of things ; Microcomputers ; Microprocessors ; Software,,,"Recent WebAssembly advancements including better programming language support and the introduction of both the WebAssembly System Interface, and the WebAssembly Component Model, have transformed it from primarily a client-side technology to a server-side one as well. The advantages associated with WebAssembly, such as cross platform portability, small software artifacts sizes, fast start up times, and per execution isolation make it a good fit for serverless scenarios. While there are existing initiatives for using WebAssembly in such serverless contexts, orchestration is still an open question. To overcome this issue, we present a way for extending Kubernetes, allowing it to orchestrate natively executed WebAssembly modules, in addition to containers. We describe an extension to an existing WebAssembly software shim for containerd and a new Kubernetes WebAssembly operator. Benchmarking results from the proposed solution obtained using 9 serverless functions packaged both as WebAssembly modules and OpenFaaS functions running in containers, show that WebAssembly has clear advantages for frequently executed serverless functions which require elasticity. WebAssembly functions enjoy two times faster deployment times and at least an order of magnitude smaller artifact sizes while still offering comparable execution performance. However, when it comes to sustained performance for long running serverless functions with processor intensive workloads, containers are the preferred choice, compensating for the increased cold start times with faster execution times.",,,,,New York: Springer US,,,,,SpringerLink Journals - AutoHoldings; ProQuest One Business; ProQuest Central,,https://pesquisa.b-on.pt/permalink/351BON_INST/cbhhhe/cdi_crossref_citationtrail_10_1007_s10922_023_09753_0
Does microservice adoption impact the velocity? A cohort study,,"Saarimäki, Nyyti ; Robredo, Mikel ; Lenarduzzi, Valentina ; Vegas, Sira ; Juristo, Natalia ; Taibi, Davide",,"Empirical software engineering : an international journal, 2025-10, Vol.30 (5), p.130, Article 130",,Cohort analysis ; Computer science ; Computer software ; Knowledge management ; Maintenance ; Software engineering ; Translators,,,"[Context] Microservices enable the decomposition of applications into small, independent, and connected services. The independence between services could positively affect a project’s velocity, which is considered an important maintenance metric measuring the time taken to implement features and fix bugs. However, no studies have investigated the causal relationship between microservices and velocity. [Objective and Method] The goal of this study is to investigate the effect of microservices on velocity which is a common maintenance metric. The study compares projects on GitHub developed with microservices style from the beginning and similar projects using monolithic architectures. The study was conducted as a retrospective cohort study, which is a study type used to assess causality. [Results] The results did not find statistically significant differences in mean velocities in microservice-based and monolithic projects. Furthermore, the statistical adjustment performed to quantify the statistical impact of the use of microservices on velocity considering additional confounders did not find statistically significant impact from these. [Conclusions] The results did not indicate a difference between microservices-based projects and monolithic projects in terms of velocity. In addition, this study will contribute to the body of knowledge of empirical methods and be among the first works to adopt the methodology of the cohort study.",,,,,New York: Springer US,,,,,SpringerLink Journals - AutoHoldings,,https://pesquisa.b-on.pt/permalink/351BON_INST/cbhhhe/cdi_springer_journals_10_1007_s10664_025_10673_7
A Generalized approach to the operationalization of Software Quality Models,,"Izurieta, Clemente ; Reimanis, Derek ; O’Donoghue, Eric ; Liyanage, Kaveen ; Manzi Muneza, A. Redempta ; Whitaker, Bradley ; Reinhold, Ann Marie",,"PeerJ. Computer science, 2024-10, Vol.10 (9), p.e2357, Article e2357",,Computer software ; Data Aggregation ; Data Science ; Electronic data processing ; Methodology ; Methods ; Quality assurance ; Quality control ; Software engineering,,,"Comprehensive measures of quality are a research imperative, yet the development of software quality models is a wicked problem. Definitive solutions do not exist and quality is subjective at its most abstract. Definitional measures of quality are contingent on a domain, and even within a domain, the choice of representative characteristics to decompose quality is subjective. Thus, the operationalization of quality models brings even more challenges. A promising approach to quality modeling is the use of hierarchies to represent characteristics, where lower levels of the hierarchy represent concepts closer to real-world observations. Building upon prior hierarchical modeling approaches, we developed the Platform for Investigative software Quality Understanding and Evaluation (PIQUE). PIQUE surmounts several quality modeling challenges because it allows modelers to instantiate abstract hierarchical models in any domain by leveraging organizational tools tailored to their specific contexts. Here, we introduce PIQUE; exemplify its utility with two practical use cases; address challenges associated with parameterizing a PIQUE model; and describe algorithmic techniques that tackle normalization, aggregation, and interpolation of measurements.",,,,,United States: PeerJ. Ltd,,,,,Publicly Available Content Database; ProQuest Central; DOAJ Directory of Open Access Journals,,https://pesquisa.b-on.pt/permalink/351BON_INST/cbhhhe/cdi_pubmed_primary_39650389
DESIGN OF A SERVERLESS OGC WPS BASED GEOPROCESSING SERVICE SOLUTION,,"Pakdil, M. E. ; Çelik, R. N.",,"International archives of the photogrammetry, remote sensing and spatial information sciences., 2021-12, Vol.XLVI-4/W5-2021, p.425-430",,Algorithms ; Big data ; Cloud computing ; Computer architecture ; Consortia ; Data Analysis ; Design ; Geographic information systems ; Geospatial data ; Internet of things ; Smart cities ; Statelessness ; System design,,,"Geospatial data and related technologies have increasingly become a crucial part of big data analysis processes and even a prominent player in most of them. Serverless architectures have become today's trending and widely used technology within the cloud computing paradigm. In this paper, we review the serverless paradigm advantages over traditional cloud architecture models and infrastructures. Moreover, we examined the deployment of Open Geospatial Consortium (OGC) Web Processing Service (WPS) specification based geoprocessing Application Programming Interface (API) with serverless architecture. In this context, we propose a system design and review it in detail together with the results discussed along with use cases.",,,,,Gottingen: Copernicus GmbH,,,,,Publicly Available Content Database; ProQuest Central; DOAJ Directory of Open Access Journals,,https://pesquisa.b-on.pt/permalink/351BON_INST/cbhhhe/cdi_crossref_primary_10_5194_isprs_archives_XLVI_4_W5_2021_425_2021
RPCover: Recovering gRPC Dependency in Multilingual Projects,,"Fang, Aoyang ; Zhou, Ruiyu ; Tang, Xiaoying ; He, Pinjia",,"IEEE/ACM International Conference on Automated Software Engineering : [proceedings], 2023, p.1930-1939",,Computer architecture ; Programming languages (Electronic computers) ; Semantics,,,"The advent of microservice architecture has led to a significant shift in the development of service-oriented software. In particular, the use of Remote Procedure Call (RPC), a mode of Inter-Process Communication (IPC) prevalent in microservices, has noticeably increased. To figure out the relationships between services and obtain a high-level understanding of service-oriented software, a line of recent work focuses on the dynamic construction of service call graphs, which relies on the preliminary deployment of services and only captures the calling relationships within a specific time frame. Meanwhile, static methods avoid the need for pre-deployment and often provide a more stable and complete graph compared to dynamic techniques. However, research and practical applications of static call graph construction remain relatively unexplored. This paper introduces RPCover, a novel gRPC dependency recovery framework that facilitates the interconnection of services across various programming languages using their static gRPC calls. In addition, due to the lack of a multilingual microservice benchmark that uses gRPC, we build the first multilingual benchmark RPCoverBench that contains complex gRPC call relations. RPCover has been evaluated on a single language benchmark (DeathStarBench) and our multilingual benchmark (RPCoverBench). The results show that RPCover effectively recovers 99.33% of the use cases of gRPC calls with less than 200% of the overhead compared with a single-language semantic dependency analyzer.",,,,,IEEE,,,,,IEEE Proceedings Order Plans (POP All) 1998-Present,,https://pesquisa.b-on.pt/permalink/351BON_INST/cbhhhe/cdi_ieee_primary_10298317
Extracting enhanced artificial intelligence model metadata from software repositories,,"Tsay, Jason ; Braz, Alan ; Hirzel, Martin ; Shinnar, Avraham ; Mummert, Todd",,"Empirical software engineering : an international journal, 2022-12, Vol.27 (7), Article 176",,Artificial intelligence ; Computer architecture ; Computer science ; Computer software ; Metadata ; Natural Language Processing ; Software ; Software engineering ; Translators,,,"While artificial intelligence (AI) models have improved at understanding large-scale data, understanding AI models themselves at any scale is difficult. For example, even two models that implement the same network architecture may differ in frameworks, datasets, or even domains. Furthermore, attempting to use either model often requires much manual effort to understand it. As software engineering and AI development share many of the same languages and tools, techniques in mining software repositories should enable more scalable insights into AI models and AI development. However, much of the relevant metadata around models are not easily extractable. This paper (an extension of our MSR 2020 paper) presents a library called AIMMX for AI Model Metadata eXtraction from software repositories into enhanced metadata that conforms to a flexible metadata schema. We evaluated AIMMX against 7,998 open-source models from three sources: model zoos, arXiv AI papers, and state-of-the-art AI papers. We also explored how AIMMX can enable studies and tools to advance engineering support for AI development. As preliminary examples, we present an exploratory analysis for data and method reproducibility over the models in the evaluation dataset and a catalog tool for discovering and managing models. We also demonstrate the flexibility of extracted metadata by using the evaluation dataset in an existing natural language processing (NLP) analysis platform to identify trends in the dataset. Overall, we hope AIMMX fosters research towards better AI development.",,,,,New York: Springer US,,,,,SpringerLink Journals - AutoHoldings; ProQuest Central,,https://pesquisa.b-on.pt/permalink/351BON_INST/cbhhhe/cdi_proquest_journals_2715906628
Bionitio: demonstrating and facilitating best practices for bioinformatics command-line software,,"Georgeson, Peter ; Syme, Anna ; Sloggett, Clare ; Chung, Jessica ; Dashnow, Harriet ; Milton, Michael ; Lonsdale, Andrew ; Powell, David ; Seemann, Torsten ; Pope, Bernard",,"Gigascience, 2019-09, Vol.8 (9)",,Bioinformatics ; Computational biology ; Documentation ; Open source software ; Practice Guidelines as Topic ; Public domain ; Software,,,"Bioinformatics software tools are often created ad hoc, frequently by people without extensive training in software development. In particular, for beginners, the barrier to entry in bioinformatics software development is high, especially if they want to adopt good programming practices. Even experienced developers do not always follow best practices. This results in the proliferation of poorer-quality bioinformatics software, leading to limited scalability and inefficient use of resources; lack of reproducibility, usability, adaptability, and interoperability; and erroneous or inaccurate results.
We have developed Bionitio, a tool that automates the process of starting new bioinformatics software projects following recommended best practices. With a single command, the user can create a new well-structured project in 1 of 12 programming languages. The resulting software is functional, carrying out a prototypical bioinformatics task, and thus serves as both a working example and a template for building new tools. Key features include command-line argument parsing, error handling, progress logging, defined exit status values, a test suite, a version number, standardized building and packaging, user documentation, code documentation, a standard open source software license, software revision control, and containerization.
Bionitio serves as a learning aid for beginner-to-intermediate bioinformatics programmers and provides an excellent starting point for new projects. This helps developers adopt good programming practices from the beginning of a project and encourages high-quality tools to be developed more rapidly. This also benefits users because tools are more easily installed and consistent in their usage. Bionitio is released as open source software under the MIT License and is available at https://github.com/bionitio-team/bionitio.",,,,,United States: Oxford University Press,,,,,Academic Search Ultimate [EBSCO]; Oxford Journals Open Access Collection; DOAJ Directory of Open Access Journals,,https://pesquisa.b-on.pt/permalink/351BON_INST/cbhhhe/cdi_crossref_citationtrail_10_1093_gigascience_giz109
"""@alex, this fixes #9"": Analysis of Referencing Patterns in Pull Request Discussions",,"Chopra, Ashish ; Mo, Morgan ; Dodson, Samuel ; Beschastnikh, Ivan ; Fels, Sidney S. ; Yoon, Dongwook",,"Proceedings of the ACM on human-computer interaction, 2021-10, Vol.5 (CSCW2), p.1-25, Article 385",,,,,"Pull Requests (PRs) are a frequently used method for proposing changes to source code repositories. When discussing proposed changes in a PR discussion, stakeholders often reference a wide variety of information objects for establishing shared awareness and common ground. Previous work has not considered how the referential behavior impacts collaborative software development via PRs. This knowledge gap is the major barrier in evaluating the current support for referencing in PRs and improving them. We conducted an explorative analysis of \textasciitilde7K references, collected from 450 public PRs on GitHub, and constructed taxonomies of referent types and expressions. Using our annotated dataset, we identified several patterns in the use of references. Referencing source code elements was prevalent but the authoring interface lacks support for it. Three classes of contextual factors influence referencing behaviors: referent type, discussion thread, and project attributes. Referencing patterns may indicate PR outcomes (e.g., merged PRs frequently reference issues, users, and tests). We conclude with design implications to support more effective referencing in PR discussion interfaces.",,,,,"New York, NY, USA: ACM",,,,,ACM Digital Library Complete,,https://pesquisa.b-on.pt/permalink/351BON_INST/cbhhhe/cdi_crossref_primary_10_1145_3479529
Database Security and Performance: A Case of SQL Injection Attacks Using Docker-Based Virtualisation and Its Effect on Performance,,"Ajasa, Ade Dotun ; Chizari, Hassan ; Alam, Abu",,"Future internet, 2025-04, Vol.17 (4), p.156",,Computer security ; Data integrity ; Database management ; Information technology ; Privacy ; Research ; Software,,,"Modern database systems are critical for storing sensitive information but are increasingly targeted by cyber threats, including SQL injection (SQLi) attacks. This research proposes a robust security framework leveraging Docker-based virtualisation to enhance database security and mitigate the impact of SQLi attacks. A controlled experimental methodology evaluated the framework’s effectiveness using Damn Vulnerable Web Application (DVWA) and Acunetix databases. The findings reveal that Docker significantly reduces the vulnerability to SQLi attacks by isolating database instances, thereby safeguarding user data and system integrity. While Docker introduces a significant increase in CPU utilisation during high-traffic scenarios, the trade-off ensures enhanced security and reliability for real-world applications. This study highlights Docker’s potential as a practical solution for addressing evolving database security challenges in distributed and cloud environments.",,,,,Basel: MDPI AG,,,,,Academic Search Complete; Academic Search Ultimate [EBSCO]; Publicly Available Content Database; ProQuest One Business; ProQuest Central; DOAJ Directory of Open Access Journals,,https://pesquisa.b-on.pt/permalink/351BON_INST/cbhhhe/cdi_proquest_journals_3194607002
Functional Networking for Millions of Docker Desktops (Experience Report),,"Madhavapeddy, Anil ; Scott, David J. ; Ferris, Patrick ; Gibb, Ryan T. ; Gazagnaire, Thomas",,"Proceedings of ACM on programming languages, 2025-08, Vol.9 (ICFP), p.597-615, Article 256",,Cloud computing,,,"Docker is a developer tool used by millions of developers to build, share and run software stacks. The Docker Desktop clients for Mac and Windows have long used a novel combination of virtualisation and OCaml unikernels to seamlessly run Linux containers on these non-Linux hosts. We reflect on a decade of shipping this functional OCaml code into production across hundreds of millions of developer desktops, and discuss the lessons learnt from our experiences in integrating OCaml deeply into the container architecture that now drives much of the global cloud. We conclude by observing just how good a fit for systems programming that the unikernel approach has been, particularly when combined with the OCaml module and type system.",,,,,"New York, NY, USA: ACM",,,,,ACM Digital Library Complete,,https://pesquisa.b-on.pt/permalink/351BON_INST/cbhhhe/cdi_crossref_primary_10_1145_3747525
BioInstaller: a comprehensive R package to construct interactive and reproducible biological data analysis applications based on the R platform,,"Li, Jianfeng ; Cui, Bowen ; Dai, Yuting ; Bai, Ling ; Huang, Jinyan",,"PeerJ (San Francisco, CA), 2018-10, Vol.6, p.e5853, Article e5853",,"Bioinformatics ; Computational biology ; Research ; Sequence Analysis, DNA ; Statistics",,,"The increase in bioinformatics resources such as tools/scripts and databases poses a great challenge for users seeking to construct interactive and reproducible biological data analysis applications. Here, we propose an open-source, comprehensive, flexible R package named BioInstaller that consists of the R functions, Shiny application, the HTTP representational state transfer application programming interfaces, and a docker image. BioInstaller can be used to collect, manage and share various types of bioinformatics resources and perform interactive and reproducible data analyses based on the extendible Shiny application with Tom’s Obvious, Minimal Language and SQLite format databases. The source code of BioInstaller is freely available at our lab website, http://bioinfo.rjh.com.cn/labs/jhuang/tools/bioinstaller , the popular package host GitHub, https://github.com/JhuangLab/BioInstaller , and the Comprehensive R Archive Network, https://CRAN.R-project.org/package=BioInstaller . In addition, a docker image can be downloaded from DockerHub ( https://hub.docker.com/r/bioinstaller/bioinstaller ).",,,,,United States: PeerJ. Ltd,,,,,Publicly Available Content Database; ProQuest Central; DOAJ Directory of Open Access Journals,,https://pesquisa.b-on.pt/permalink/351BON_INST/cbhhhe/cdi_doaj_primary_oai_doaj_org_article_acda3b1ff4e0462f843a7700d3f9ec91
Exploitation of HPC Resources for data intensive sciences,,"Girone, Maria ; Southwick, David ; Khristenko, Viktor ; Medeiros, Miguel F. ; Giordano, Domenico ; Brevik Høgstøyl, Ingvild ; Atzori, Luca",,"EPJ Web of conferences, 2021, Vol.251, p.2042",,Data Collection ; Data processing ; Solenoids,,,"The Large Hadron Collider (LHC) will enter a new phase beginning in 2027 with the upgrade to the High Luminosity LHC (HL-LHC). The increase in the number of simultaneous collisions coupled with a more complex structure of a single event will result in each LHC experiment collecting, storing, and processing exabytes of data per year. The amount of generated and/or collected data greatly outweighs the expected available computing resources. In this paper, we discuss effcient usage of HPC resources as a prerequisite for data-intensive science at exascale. First, we discuss the experience of porting CMS Hadron and Electromagnetic calorimeters reconstruction code to utilize Nvidia GPUs within the DEEP-EST project; second, we look at the tools and their adoption in order to perform benchmarking of a variety of resources available at HPC centers. Finally, we touch on one of the most important aspects of the future of HEP - how to handle the flow of petabytes of data to and from computing facilities, be it clouds or HPCs, for exascale data processing in a flexible, scalable and performant manner. These investigations are a key contribution to technical work within the HPC collaboration among CERN, SKA, GEANT and PRACE.",,,,,Les Ulis: EDP Sciences,,,,,Academic Search Complete; Academic Search Ultimate [EBSCO]; Publicly Available Content Database; ProQuest Central; DOAJ Directory of Open Access Journals,,https://pesquisa.b-on.pt/permalink/351BON_INST/cbhhhe/cdi_crossref_primary_10_1051_epjconf_202125102042
"Robust Cross-Platform Workflows: How Technical and Scientific Communities Collaborate to Develop, Test and Share Best Practices for Data Analysis",,"Möller, Steffen ; Prescott, Stuart W. ; Wirzenius, Lars ; Reinholdtsen, Petter ; Chapman, Brad ; Prins, Pjotr ; Soiland-Reyes, Stian ; Klötzl, Fabian ; Bagnacani, Andrea ; Kalaš, Matúš ; Tille, Andreas ; Crusoe, Michael R.",,"Data science and engineering, 2017-09, Vol.2 (3), p.232-244",,Artificial intelligence ; Bioinformatics ; Biology ; Cloud computing ; Computer science ; Data Analysis ; Data Collection ; Database management ; Physics ; Quality control ; Software ; Workflow,,,"Information integration and workflow technologies for data analysis have always been major fields of investigation in bioinformatics. A range of popular workflow suites are available to support analyses in computational biology. Commercial providers tend to offer prepared applications remote to their clients. However, for most academic environments with local expertise, novel data collection techniques or novel data analysis, it is essential to have all the flexibility of open-source tools and open-source workflow descriptions. Workflows in data-driven science such as computational biology have considerably gained in complexity. New tools or new releases with additional features arrive at an enormous pace, and new reference data or concepts for quality control are emerging. A well-abstracted workflow and the exchange of the same across work groups have an enormous impact on the efficiency of research and the further development of the field. High-throughput sequencing adds to the avalanche of data available in the field; efficient computation and, in particular, parallel execution motivate the transition from traditional scripts and Makefiles to workflows. We here review the extant software development and distribution model with a focus on the role of integration testing and discuss the effect of common workflow language on distributions of open-source scientific software to swiftly and reliably provide the tools demanded for the execution of such formally described workflows. It is contended that, alleviated from technical differences for the execution on local machines, clusters or the cloud, communities also gain the technical means to test workflow-driven interaction across several software packages.",,,,,Berlin/Heidelberg: Springer Berlin Heidelberg,,,,,Springer Nature - Springer Nature Link Journals and eBooks - Fully Open Access; Publicly Available Content Database; ProQuest Central; DOAJ Directory of Open Access Journals; Springer Nature OA Free Journals,,https://pesquisa.b-on.pt/permalink/351BON_INST/cbhhhe/cdi_doaj_primary_oai_doaj_org_article_dc6f615420f949e497aea96eb2551a47
BioInstaller: a comprehensive R package to integrate bioinformatics resources,,"Li, Jianfeng ; Bowen, Cui ; Dai, Yuting ; Bai, Ling ; Huang, Jinyan",,"PeerJ preprints, 2018-09",,Bioinformatics,,,"The number of bioinformatics resources, such as tools/scripts and databases are growing exponentially. This poses a great challenge for users to access, manage, and integrate the corresponding bioinformatics resources. To facilitate the request, we proposed a comprehensive R package, BioInstaller, which includes the R functions, Shiny application, and the HTTP representational state transfer (REST) application programming interfaces (APIs). We also established a community-based configuration pool to collect, access and share bioinformatics resources. The source code of BioInstaller is freely available at our lab website http://bioinfo.rjh.com.cn/labs/jhuang/tools/bioinstaller or popular package host GitHub at: https://github.com/JhuangLab/BioInstaller. Also, a docker image can be downloaded from DockerHub (https://hub.docker.com/r/bioinstaller).",,,,,"San Diego: PeerJ, Inc",,,,,Publicly Available Content Database; ProQuest Central,,https://pesquisa.b-on.pt/permalink/351BON_INST/cbhhhe/cdi_proquest_journals_2108073884
Running Oracle WebLogic on containers,,"Aparicio Cotarelo, Borja ; Nappi, Antonio ; Gedvilas, Lukas ; Rodriguez Fernández, Luis ; Rizopoulos, Theodoros ; Wiecek, Artur",,"EPJ Web of conferences, 2019, Vol.214, p.7002",,Containers,,,"CERN IT department is providing production services to run containers. Given that, the IT-DB team, responsible to run the Java based platforms, has started a new project to move the WebLogic deployments from virtual or bare metal servers to containers: Docker on Kubernetes allow to improve the overall productivity of the team by reducing both operations time and time-to-delivery. Additionally, this framework allows us deploy our services in a fully-reproducible fashion. The scope of the project goes from the design and production of Docker images, deployment environments based on Kubernetes as well as all procedures and operations including the needed tools to hand over to users the management of their deployed applications. This article illustrates how at CERN we have faced all the technical and design aspects to run it in a production environment. That means the implementation of the solutions needed including monitoring, logging, high availability, security and traceability.",,,,,Les Ulis: EDP Sciences,,,,,Academic Search Complete; Academic Search Ultimate [EBSCO]; Publicly Available Content Database; ProQuest Central; DOAJ Directory of Open Access Journals,,https://pesquisa.b-on.pt/permalink/351BON_INST/cbhhhe/cdi_doaj_primary_oai_doaj_org_article_df8e4762978e4d00ac697b7716f68a01
A conceptual replication of continuous integration pain points in the context of Travis CI,,"Widder, David Gray ; Hilton, Michael ; Kästner, Christian ; Vasilescu, Bogdan",,"Proceedings of the 2019 27th ACM Joint Meeting on European Software Engineering Conference and Symposium on the Foundations of Software Engineering, 2019, p.647-658",,,,,"Continuous integration (CI) is an established software quality assurance practice, and the focus of much prior research with a diverse range of methods and populations. In this paper, we first conduct a literature review of 37 papers on CI pain points. We then conduct a conceptual replication study on results from these papers using a triangulation design consisting of a survey with 132 responses, 12 interviews, and two logistic regressions predicting Travis CI abandonment and switching on a dataset of 6,239 GitHub projects. We report and discuss which past results we were able to replicate, those for which we found conflicting evidence, those for which we did not find evidence, and the implications of these findings.",,,,,"New York, NY, USA: ACM",,,,,ACM Digital Library Complete,,https://pesquisa.b-on.pt/permalink/351BON_INST/cbhhhe/cdi_acm_books_10_1145_3338906_3338922
Mitigating Security Issues in GitHub Actions,,"Delicheh, Hassan Onsori ; Mens, Tom",,"2024 IEEE/ACM 4th International Workshop on Engineering and Cybersecurity of Critical Systems and 2024 IEEE/ACM Second International Workshop on Software Vulnerability (EnCyCriS/SVM), 2024, p.6-11",,Access control ; Automation ; Congresses and conventions ; Meetings ; Software ; Training,,,"Collaborative practices have revolutionised the software development process, enabling distributed teams to seamlessly work together. Social coding platforms have integrated CI/CD automation workflows, with GitHub Actions emerging as a prominent automation ecosystem for GitHub repositories. While automation brings efficiency, it also introduces security challenges, often related to software supply chain attacks and workflow misconfigurations. We outline the security issues associated with the software supply chain of GitHub Actions workflows, most notably their reusable Actions and their dependencies. We also explore the security risks associated with misconfigurations of repositories and workflows, such as poor permission management, command injection, and credential exposure. To mitigate these risks we suggest practical remediations, including dependency and security monitoring, pinning Actions, strict access control, verified creator practices, secret scanning tools, raising awareness, and training. In doing so, we provide valuable insights on the need to integrate security seamlessly into the automated collaborative software development processes. To enhance the security of workflow automation within GitHub repositories we encourage a proactive approach and advocate for the adoption of best practices.",,,,,"New York, NY, USA: ACM",,,,,ACM Digital Library Complete,,https://pesquisa.b-on.pt/permalink/351BON_INST/cbhhhe/cdi_acm_books_10_1145_3643662_3643961
Approximate approximation on a quantum annealer,,"Sax, Irmi ; Feld, Sebastian ; Zielinski, Sebastian ; Gabor, Thomas ; Linnhoff-Popien, Claudia ; Mauerer, Wolfgang",,"Proceedings of the 17th ACM International Conference on Computing Frontiers, 2020, p.108-117",,,,,"Many problems of industrial interest are NP-complete, and quickly exhaust resources of computational devices with increasing input sizes. Quantum annealers (QA) are physical devices that aim at this class of problems by exploiting quantum mechanical properties of nature. However, they compete with efficient heuristics and probabilistic or randomised algorithms on classical machines that allow for finding approximate solutions to large NP-complete problems.
While first implementations of QA have become commercially available, their practical benefits are far from fully explored. To the best of our knowledge, approximation techniques have not yet received substantial attention.
In this paper, we explore how problems' approximate versions of varying degree can be systematically constructed for quantum annealer programs, and how this influences result quality or the handling of larger problem instances on given set of qubits. We illustrate various approximation techniques on both, simulations and real QA hardware, on different seminal problems, and interpret the results to contribute towards a better understanding of the real-world power and limitations of current-state and future quantum computing.",,,,,"New York, NY, USA: ACM",,,,,ACM Digital Library Complete,,https://pesquisa.b-on.pt/permalink/351BON_INST/cbhhhe/cdi_acm_books_10_1145_3387902_3392635
Preventing server-side request forgery attacks,,"Jabiyev, Bahruz ; Mirzaei, Omid ; Kharraz, Amin ; Kirda, Engin",,"Proceedings of the 36th Annual ACM Symposium on Applied Computing, 2021, p.1626-1635",,,,,"In today's web, it is not uncommon for web applications to take a complete URL as input from users. Usually, once the web application receives a URL, the server opens a connection to it. However, if the URL points to an internal service and the server still makes the connection, the server becomes vulnerable to Server-Side Request Forgery (SSRF) attacks. These attacks can be highly destructive when they exploit internal services. They are equally destructive and need much less effort to succeed if the server is hosted in a cloud environment. Therefore, with the growing use of cloud computing, the threat of SSRF attacks is becoming more serious.
In this paper, we present a novel defense approach to protect internal services from SSRF attacks. Our analysis of more than 60 SSRF vulnerability reports shows that developers' awareness about this vulnerability is generally limited. Therefore, coders usually have flaws in their defenses. Even when these defenses have no flaws, they are usually still affected by important security and functionality limitations. In this work, we develop a prototype based on the proposed approach by extending the functionality of a popular reverse proxy application and deploy a set of vulnerable web applications with that prototype. We demonstrate how SSRF attacks on these applications, with almost no loss of performance, are prevented.",,,,,"New York, NY, USA: ACM",,,,,ACM Digital Library Complete,,https://pesquisa.b-on.pt/permalink/351BON_INST/cbhhhe/cdi_acm_books_10_1145_3412841_3442036_brief
Are Your Epochs Too Epic? Batch Free Can Be Harmful,,"Kim, Daewoo ; Brown, Trevor ; Singh, Ajay",,"Proceedings of the 29th ACM SIGPLAN Annual Symposium on Principles and Practice of Parallel Programming, 2024, p.30-41",,,,,"Epoch based memory reclamation (EBR) is one of the most popular techniques for reclaiming memory in lock-free and optimistic locking data structures, due to its ease of use and good performance in practice. However, EBR is known to be sensitive to thread delays, which can result in performance degradation. Moreover, the exact mechanism for this performance degradation is not well understood.
This paper illustrates this performance degradation in a popular data structure benchmark, and does a deep dive to uncover its root cause---a subtle interaction between EBR and state of the art memory allocators. In essence, modern allocators attempt to reduce the overhead of freeing by maintaining bounded thread caches of objects for local reuse, actually freeing them (a very high latency operation) only when thread caches become too large. EBR immediately bypasses these mechanisms whenever a particularly large batch of objects is freed, substantially increasing overheads and latencies. Beyond EBR, many memory reclamation algorithms, and data structures, that reclaim objects in large batches suffer similar deleterious interactions with popular allocators.
We propose a simple algorithmic fix for such algorithms to amortize the freeing of large object batches over time, and apply this technique to ten existing memory reclamation algorithms, observing performance improvements for nine out of ten, and over 50% improvement for six out of ten in experiments on a high performance lock-free ABtree. We also present an extremely simple token passing variant of EBR and show that, with our fix, it performs 1.5--2.6× faster than the fastest known memory reclamation algorithm, and 1.2--1.5× faster than not reclaiming at all, on a 192 thread four socket Intel system.",,,,,"New York, NY, USA: ACM",,,,,ACM Digital Library Complete,,https://pesquisa.b-on.pt/permalink/351BON_INST/cbhhhe/cdi_acm_books_10_1145_3627535_3638491
Survey of adaptive containerization architectures for HPC,,"Mujkanovic, Nina ; Durillo, Juan J. ; Hammer, Nicolay ; Müller, Tiziano",,"Proceedings of the SC '23 Workshops of the International Conference on High Performance Computing, Network, Storage, and Analysis, 2023, p.165-176",,,,,"Containers offer an array of advantages that benefit research reproducibility and portability. As container tools mature, container security improves, and high-performance computing (HPC) and cloud system tools converge, supercomputing centers are increasingly integrating containers into their workflows. Despite this, most research into containers remains focused on cloud environments.
We consider an adaptive containerization architecture approach, in which each component chosen represents the tool best adapted to the given system and site requirements, with a focus on accelerating the deployment of applications and workflows on HPC systems using containers. To this end, we discuss the HPC specific requirements regarding container tools, and analyze the entire containerization stack, including container engines and registries, in-depth. Finally, we consider various orchestrator and HPC workload manager integration scenarios, including Workload Manager (WLM) in Kubernetes, Kubernetes in WLM, and bridged scenarios. We present a proof-of-concept approach to a Kubernetes Agent in a WLM allocation.",,,,,"New York, NY, USA: ACM",,,,,ACM Digital Library Complete,,https://pesquisa.b-on.pt/permalink/351BON_INST/cbhhhe/cdi_acm_books_10_1145_3624062_3624588
Why Johnny Can’t Use Secure Docker Images: Investigating the Usability Challenges in Using Docker Image Vulnerability Scanners through Heuristic Evaluation,,"Kim, Taeyoung ; Park, Seonhye ; Kim, Hyoungshick",,"Proceedings of the 26th International Symposium on Research in Attacks, Intrusions and Defenses, 2023, p.669-685",,,,,"This paper explores the usability of Docker Image Vulnerability Scanners (DIVSes) through heuristic evaluations. Docker simplifies the process of software development, distribution, deployment, and execution by providing a container-based execution environment. However, vulnerabilities in Docker images can pose security risks to containers. To mitigate this, DIVSes are crucial in helping developers identify and address these vulnerabilities in the software packages and libraries within Docker images. Despite their importance, research on the usability of DIVSes has been limited. To address this gap, we developed 11 customized heuristics and applied them to three widely-used DIVSes (Grype, Trivy, and Snyk). Our evaluations revealed 239 usability issues within the tools evaluated. Our findings highlight that the evaluated DIVSes do not provide sufficient information to comprehend the risks associated with identified vulnerabilities, prioritize them, or effectively fix them. Our study offers valuable insights and practical recommendations for enhancing the usability of DIVSes, making it easier for developers to identify and address vulnerabilities in Docker images.",,,,,"New York, NY, USA: ACM",,,,,ACM Digital Library Complete,,https://pesquisa.b-on.pt/permalink/351BON_INST/cbhhhe/cdi_acm_books_10_1145_3607199_3607244_brief
Supporting micro-services deployment in a safer way: a static analysis and automated rewriting approach,,"Benni, Benjamin ; Mosser, Sébastien ; Collet, Philippe ; Riveill, Michel",,"Proceedings of the 33rd Annual ACM Symposium on Applied Computing, 2018, p.1706-1715",,,,,"The SOA ecosystem has drastically evolved since its childhood in the early 2000s. From monolithic services, micro-services now cooperate together in ultra-large scale systems. In this context, there is a tremendous need to deploy frequently new services, or new version of existing services. Container-based technologies (e.g., Docker) emerged recently to tool such deployments, promoting a black-box reuse mechanism to support off-the-shelf deployments. Unfortunately, from the service deployment point of view, such form of black-box reuse prevent to ensure what is really shipped inside the container with the service to deploy. In this paper, we propose a formalism to model and statically analyze service deployment artifacts based on state of the art deployment platforms. The static analysis mechanism leverages the hierarchy of deployment descriptors to verify a given deployment, as well as rewrite it to automatically fix common errors. The approach is validated through the automation of the guidelines provided by the user community associated to the reference Docker engine, and the analysis of 20,000 real deployment descriptors (hosted on GitHub).",,,,,"New York, NY, USA: ACM",,,,,ACM Digital Library Complete,,https://pesquisa.b-on.pt/permalink/351BON_INST/cbhhhe/cdi_acm_books_10_1145_3167132_3167314
Towards an Ontology-driven Approach to Model and Analyze Microservices Architectures,,"Morais, Gabriel ; Bork, Dominik ; Adda, Mehdi",,"Proceedings of the 13th International Conference on Management of Digital EcoSystems, 2021, p.79-86",,,,,"Microservices Architectures (MSAs) are continuously replacing monolithic systems toward achieving more flexible and maintainable service-oriented software systems. However, the shift toward an MSA also requires a technological and managerial shift for its adopters. Architecting and managing MSAs represent unique challenges, including microservices' identification, interoperability, and reuse. To handle these challenges, we propose an Ontology-driven Conceptual Modelling approach, based on the Ontology of Microservices Architecture Concepts (OMSAC), for modelling and analyzing microservices-based systems. We show, how OMSAC-based conceptual models, stocked in a Stardog triple store, support Stakeholder-specific communication, documentation, and reuse. This paper reports on the application of our approach in three open-source MSA systems with a focus on microservices' discovery based on similarity metrics. Eventually, we compare the extracted similarity metrics derived from the application of machine learning techniques to the OMSAC models with a manual analysis performed by experts.",,,,,"New York, NY, USA: ACM",,,,,ACM Digital Library Complete,,https://pesquisa.b-on.pt/permalink/351BON_INST/cbhhhe/cdi_acm_books_10_1145_3444757_3485108_brief
Workflow management for scientific research computing with Tapis Workflows: Architecture and Design Decisions behind Software for Research Computing Pipelines,,"Freeman, Nathan Dean ; Stubbs, Joe ; Cardone, Richard; Wernert, Julie ; Chalker, Alan ; Smallen, Shava ; Samuel, Tabitha ; Navarro, JP",,"Practice and Experience in Advanced Research Computing 2022: Revolutionary: Computing, Connections, You, 2022, p.1-4",,,,,"Developing research computing workflows often demands significant understanding of DevOps tooling and related software design patterns, requiring researchers to spend time learning skills that are often outside of the scope of their domain expertise. In late 2021, we began development of the Tapis Workflows API to address these issues. Tapis Workflows provides researchers with a tool that simplifies the creation of their workflows by abstracting away the complexities of the underlying technologies behind a user-friendly API that integrates with HPC resources available at any institution with a Tapis deployment. Tapis Workflows Beta is slated to be released by the end of April 2022. In this paper, we discuss the high level system architecture of Tapis Workflows, the project structure, terminology and concepts employed in the project, use cases, design and development challenges, and solutions we chose to overcome them.",,,,,"New York, NY, USA: ACM",,,,,ACM Digital Library Complete,,https://pesquisa.b-on.pt/permalink/351BON_INST/cbhhhe/cdi_acm_books_10_1145_3491418_3535142
The HPC Container Experience on the Summit Supercomputer,,"Abraham, Subil; Sinkovits, Robert ; Romanella, Alana ; Knuth, Shelley ; Hackworth, Ken ; Pummill, Jeff",,"Practice and Experience in Advanced Research Computing 2023: Computing for the Common Good, 2023, p.273-277",,,,,"Containers are seeing widespread use in the world of High Performance Computing, with many HPC Centers either providing their own containerization solution or adopting existing ones like Singularity and Apptainer. The demand for containerization options come from users who want to take advantage of the portability and reproducibility containers can provide, as well as being able to build and use applications that are only distributed in container form or are otherwise unsuited to natively run in an HPC environment. The users served by the Oak Ridge Leadership Computing Facility are no exception. We go over the past and current containerization offerings at the Oak Ridge Leadership Computing Facility, mainly focusing on the Summit supercomputer. We arrive at using a combination of Podman and Singularity to allow users to build and run containers directly on Summit, without requiring external resources or hardware for any step of the process. We look at a couple of projects running on Summit that greatly benefited from being able to use containers on Summit. And we compare benchmarks running natively and in containers on Summit at different scales, observing minimal performance difference and consistent behavior across all tests.",,,,,"New York, NY, USA: ACM",,,,,ACM Digital Library Complete,,https://pesquisa.b-on.pt/permalink/351BON_INST/cbhhhe/cdi_acm_books_10_1145_3569951_3597608
The Most Agile Teams Are the Most Disciplined: On Scaling out Agile Development,,"Li, Zheng ; Rainer, Austen",,"Proceedings of the 31st ACM Joint European Software Engineering Conference and Symposium on the Foundations of Software Engineering, 2023, p.2056-2061",,,,,"As one of the next frontiers of software engineering, agile development at scale has attracted more and more research interests and efforts. When following the existing autonomy-focused and goal-driven lessons and guidelines to scale agile development for a large astronomy project, however, we encountered surprising tech stack sprawl and spreading team coordination issues. By revisiting the unique features of our project (e.g., the data processing-intensive nature and the frequent team member changes), and by identifying a fractal pattern from various data processing logic and processes, we defined disciplined agile teams to clone the best practices of pioneer agile teams, and to work on similar system modules with similar user stories. Such a targeted strategy effectively relieved the tech stack sprawl and facilitated teamwork handover, at least for refactoring and growing the data processing modules in our project. Based on this emerging result and our reflections, we distinguish this targeted strategy as scaling out agile development from the existing agile scaling approaches that are generally in a scaling-up fashion. Considering the popularity of data processing-intensive projects, and also considering the pervasive fractal patterns in modern businesses and organisations, we claim that this targeted strategy still has broad application opportunities. Therefore, developing a well-defined methodology for scaling out agility, and combining both scaling up and scaling out agility, will deserve attentions and new research efforts in the future.",,,,,"New York, NY, USA: ACM",,,,,ACM Digital Library Complete,,https://pesquisa.b-on.pt/permalink/351BON_INST/cbhhhe/cdi_acm_books_10_1145_3611643_3613886_brief
One size does not fit all: an empirical study of containerized continuous deployment workflows,,"Zhang, Yang ; Vasilescu, Bogdan ; Wang, Huaimin ; Filkov, Vladimir",,"Proceedings of the 2018 26th ACM Joint Meeting on European Software Engineering Conference and Symposium on the Foundations of Software Engineering, 2018, p.295-306",,,,,"Continuous deployment (CD) is a software development practice aimed at automating delivery and deployment of a software product, following any changes to its code. If properly implemented, CD together with other automation in the development process can bring numerous benefits, including higher control and flexibility over release schedules, lower risks, fewer defects, and easier on-boarding of new developers. Here we focus on the (r)evolution in CD workflows caused by containerization, the virtualization technology that enables packaging an application together with all its dependencies and execution environment in a light-weight, self-contained unit, of which Docker has become the de-facto industry standard. There are many available choices for containerized CD workflows, some more appropriate than others for a given project. Owing to cross-listing of GitHub projects on Docker Hub, in this paper we report on a mixed-methods study to shed light on developers' experiences and expectations with containerized CD workflows. Starting from a survey, we explore the motivations, specific workflows, needs, and barriers with containerized CD. We find two prominent workflows, based on the automated builds feature on Docker Hub or continuous integration services, with different trade-offs. We then propose hypotheses and test them in a large-scale quantitative study.",,,,,"New York, NY, USA: ACM",,,,,ACM Digital Library Complete,,https://pesquisa.b-on.pt/permalink/351BON_INST/cbhhhe/cdi_acm_books_10_1145_3236024_3236033_brief
Advancing Computational Reproducibility in the Dataverse Data Repository Platform,,"Trisovic, Ana ; Durbin, Philip ; Schlatter, Tania ; Durand, Gustavo ; Barbosa, Sonia ; Brooke, Danny ; Crosas, Mercè",,"Proceedings of the 3rd International Workshop on Practical Reproducible Evaluation of Computer Systems, 2020, p.15-20",,,,,"Recent reproducibility case studies have raised concerns showing that much of the deposited research has not been reproducible. One of their conclusions was that the way data repositories store research data and code cannot fully facilitate reproducibility due to the absence of a runtime environment needed for the code execution. New specialized reproducibility tools provide cloud-based computational environments for code encapsulation, thus enabling research portability and reproducibility. However, they do not often enable research discoverability, standardized data citation, or long-term archival like data repositories do. This paper addresses the shortcomings of data repositories and reproducibility tools and how they could be overcome to improve the current lack of computational reproducibility in published and archived research outputs.",,,,,"New York, NY, USA: ACM",,,,,ACM Digital Library Complete,,https://pesquisa.b-on.pt/permalink/351BON_INST/cbhhhe/cdi_acm_books_10_1145_3391800_3398173_brief
tapiserí: Blueprint to modernize DevSecOps for real world,,"Nadgowda, Shripad ; Luan, Laura",,"Proceedings of the Seventh International Workshop on Container Technologies and Container Clouds, 2021, p.13-18",,,,,"Micro-service application pattern has revolutionize the overall software delivery lifecycle. Modularization has allowed breaking monolithic application into independent components that can be developed faster and automation in CICD has enabled high velocity deployment of applications to the cloud. Such a modernization has mandated a need to put security at the center of the workflow from code to container, giving rise to the DevSecOps paradigms. Although effectiveness of the existing DevSecOps solutions is limited by lack of good development practices and narrow scope where it is applied for security analytic only around code hygiene, like vulnerability scanning, license auditing, etc. We discuss our survey on these challenges and highlight their security implications. In tapiserí we then present wider perspective to design a DevSecOps solution that addresses prevalent challenges around supply chain security, build security for micro-services, ensures integrity of the pipelines themselves and brings transparency and auditability to the process.",,,,,"New York, NY, USA: ACM",,,,,ACM Digital Library Complete,,https://pesquisa.b-on.pt/permalink/351BON_INST/cbhhhe/cdi_acm_books_10_1145_3493649_3493655_brief
Implementing Computational Reproducibility in the Whole Tale Environment,,"Chard, Kyle ; Gaffney, Niall ; Jones, Matthew B. ; Kowalik, Kacper ; Ludäscher, Bertram ; Nabrzyski, Jarek ; Stodden, Victoria ; Taylor, Ian ; Turk, Matthew J. ; Willis, Craig",,"Proceedings of the 2nd International Workshop on Practical Reproducible Evaluation of Computer Systems, 2019, p.17-22",,,,,"We present and define a structured digital object, called a ""Tale,"" for the dissemination and publication of computational scientific findings in the scholarly record. The Tale emerges from the NSF funded Whole Tale project (wholetale.org) which is developing a computational environment designed to capture the entire computational pipeline associated with a scientific experiment and thereby enable computational reproducibility. A Tale allows researchers to create and package code, data and information about the workflow and computational environment necessary to support, review, and recreate the computational results reported in published research. The Tale then captures the artifacts and information needed to facilitate understanding, transparency, and execution of the Tale for review and reproducibility at the time of publication.",,,,,"New York, NY, USA: ACM",,,,,ACM Digital Library Complete,,https://pesquisa.b-on.pt/permalink/351BON_INST/cbhhhe/cdi_acm_books_10_1145_3322790_3330594_brief
A platform for validation and verification of models for concrete and concrete structures,,"J.F. Unger ; Unger, J.F. ; Robens-Radermacher, A. ; A. Robens-Radermacher ; S.M. Rosenbusch ; Rosenbusch, S.M. ; Tyagi, D. ; D. Tyagi ; D. Iglezakis ; Iglezakis, D. ; M. Jafarkhani ; Jafarkhani, M.; Meschke, Guünther ; Pichler, Bernhard ; Rots, Jan G.",,"Computational Modelling of Concrete and Concrete Structures, 2026, p.275-282",,,,,"The reliable validation and verification of simulation models is a key challenge in computational engineering, especially for complex materials and multi-physics problems. Existing approaches are often computationally intensive and tailored to specific setups, making generalization and objective comparison across models and codes difficult. This paper presents a concept for a reproducible and extensible benchmarking platform designed for any FEM or CFD-based simulation setup, with concrete modeling as a motivating example.
The platform aims to facilitate data exchange between experimentalists and simulation researchers, enable transparent comparison of models and implementations, and support referencing models with quality criteria in engineering standards. Key components include a machine-readable database structure for experimental metadata, standardized calibration procedures, and quality metrics that account for uncertainties. The platform supports integration of open-source constitutive model libraries into commercial codes, promoting interoperability and community-driven benchmarking. A federated database infrastructure enables sharing and publication of experimental and simulation results, with full provenance tracking to ensure reproducibility. Interactive visualization tools allow users to query, explore, and compare models and results.
While the conceptual framework is well developed, a complete implementation is still in progress. Community contributions are needed to realize a broad set of benchmarks and develop tool-agnostic, machine-readable model definitions. The proposed platform aims to advance reproducibility, transparency, and robustness in computational modeling and simulation practice across engineering domains.",,,,,CRC Press,,1,,,OAPEN; DOAB: Directory of Open Access Books,,https://pesquisa.b-on.pt/permalink/351BON_INST/cbhhhe/cdi_informaworld_taylorfrancisbooks_10_1201_9781003660026_32_version2
AIMMX: Artificial Intelligence Model Metadata Extractor,,"Tsay, Jason ; Braz, Alan ; Hirzel, Martin ; Shinnar, Avraham ; Mummert, Todd",,"2020 IEEE/ACM 17th International Conference on Mining Software Repositories (MSR), 2020, p.81-92",,Artificial intelligence ; High performance computing ; Information storage and retrieval systems ; Libraries ; Machine learning ; Metadata ; Reproducibility of Results ; Software,,,"Despite all of the power that machine learning and artificial intelligence (AI) models bring to applications, much of AI development is currently a fairly ad hoc process. Software engineering and AI development share many of the same languages and tools, but AI development as an engineering practice is still in early stages. Mining software repositories of AI models enables insight into the current state of AI development. However, much of the relevant metadata around models are not easily extractable directly from repositories and require deduction or domain knowledge. This paper presents a library called AIMMX that enables simplified AI Model Metadata eXtraction from software repositories. The extractors have five modules for extracting AI model-specific metadata: model name, associated datasets, references, AI frameworks used, and model domain. We evaluated AIMMX against 7,998 open-source models from three sources: model zoos, arXiv AI papers, and state-of-the-art AI papers. Our platform extracted metadata with 87% precision and 83% recall. As preliminary examples of how AI model metadata extraction enables studies and tools to advance engineering support for AI development, this paper presents an exploratory analysis for data and method reproducibility over the models in the evaluation dataset and a catalog tool for discovering and managing models. Our analysis suggests that while data reproducibility may be relatively poor with 42% of models in our sample citing their datasets, method reproducibility is more common at 72% of models in our sample, particularly state-of-the-art models. Our collected models are searchable in a catalog that uses existing metadata to enable advanced discovery features for efficiently finding models.",,,,,"New York, NY, USA: ACM",,,,,ACM Digital Library Complete,,https://pesquisa.b-on.pt/permalink/351BON_INST/cbhhhe/cdi_ieee_primary_10148792
A Building Integrated Control Platform Oriented Towards Intelligent Building,,"Yan, Feng",,"2021 2nd International Conference on Artificial Intelligence and Information Systems, 2021, p.1-10",,,,,,,,,,"New York, NY, USA: ACM",,,,,ACM Digital Library Complete,,https://pesquisa.b-on.pt/permalink/351BON_INST/cbhhhe/cdi_acm_books_10_1145_3469213_3470424
Public package repos expose thousands of API security tokens—and they’re active,,Andrey Polkovnychenko and Shachar Menashe,,"InfoWorld.com, 2022-10",,Access control ; Cloud computing,,,"The benefits of using these services come with the risk of delegating our data to foreign machines and the responsibility of managing the access tokens that provide access to our data and services. Unlike the presence of a code vulnerability, a leaked access token usually means the immediate “game over” for the security team, since using a leaked access token is trivial and, in many cases, negates all investments into security mitigations. [...]we can observe images that retain exposed secrets or other types of security issues for years. Filename # of instances with active leaked tokens .env 214 ./aws/credentials 111 config.json 56 gc_api_file.json 50 main.py 47 key.json 40 config.py 38 credentials.json 35 bot.py 35 — Docker layers can be inspected by pulling the image and running it.",,,,,San Mateo: Foundry,,,,,ProQuest One Business,,https://pesquisa.b-on.pt/permalink/351BON_INST/cbhhhe/cdi_proquest_reports_2725638972
Building Python-Based Topologies for Massive Processing of Social Media Data in Real Time,,"Martínez-Castaño, Rodrigo ; Pichel, Juan C. ; Losada, David E.",,"Proceedings of the 5th Spanish Conference on Information Retrieval, 2018, p.1-8",,,,,"In this paper we propose a streaming approach for real-time processing of huge amounts of data. CATENAE is a library for easy building and execution of Python topologies (e.g., web crawler, classifier). Topologies are designed for their deployment inside Docker containers and, thus, horizontal scaling, granular resource assignment and isolation can be achieved easily. Furthermore, micromodules can have its own dependencies (including the Python version), allowing the user to limit resources such as CPU or memory by instance. We describe an implementation of a use case composed of two topologies: (1) a crawler for tracking users in social media and (2) an early risk detector of depression. We also explain how CATENAE topologies can be connected to non-Python systems.",,,,,"New York, NY, USA: ACM",,,,,ACM Digital Library Complete,,https://pesquisa.b-on.pt/permalink/351BON_INST/cbhhhe/cdi_acm_books_10_1145_3230599_3230618
